"Wavelength","FAM EM","FAM EX","ROX (carboxy-X-rhodamine) EM","ROX (carboxy-X-rhodamine) AB","Cy3 EM","Cy3 EX","Cy5.5 EM","Cy5.5 AB","JOE EM","JOE AB","Cy3.5 EM","Cy3.5 EX","CAL Fluor Orange 560 EM","CAL Fluor Orange 560 EX","CAL Fluor Red 590 EM","CAL Fluor Red 590 EX","CAL Fluor Red 610 EM","CAL Fluor Red 610 EX","Cy5 EM","Cy5 EX","HEX EM","HEX EX","Texas Red EM","Texas Red EX"
250,,,,0.2281,,,,,,0.4931
251,,,,0.225,,,,,,0.4814
252,,,,0.2234,,,,,,0.4646
253,,,,0.2242,,,,,,0.4345
254,,,,0.227,,,,,,0.4101
255,,,,0.2321,,,,,,0.3847
256,,,,0.2386,,,,,,0.3512
257,,,,0.2472,,,,,,0.3283
258,,,,0.2556,,,,,,0.3075
259,,,,0.2652,,,,,,0.2831
260,,,,0.2757,,,,,,0.268
261,,,,0.2857,,,,,,0.255
262,,,,0.2961,,,,,,0.2398
263,,,,0.3058,,,,,,0.2307
264,,,,0.3147,,,,,,0.223
265,,,,0.3221,,,,,,0.2142
266,,,,0.3278,,,,,,0.2091
267,,,,0.331,,,,,,0.2045
268,,,,0.3303,,,,,,0.1991
269,,,,0.3258,,,,,,0.1959
270,,,,0.317,,,,,,0.1938
271,,,,0.3057,,,,,,0.1915
272,,,,0.2928,,,,,,0.1904
273,,,,0.278,,,,,,0.1901
274,,,,0.2632,,,,,,0.1901
275,,,,0.2498,,,,,,0.1904
276,,,,0.2366,,,,,,0.1911
277,,,,0.2249,,,,,,0.1924
278,,,,0.2151,,,,,,0.1936
279,,,,0.2066,,,,,,0.1948
280,,,,0.1987,,,,,,0.1966
281,,,,0.1921,,,,,,0.1985
282,,,,0.1861,,,,,,0.2001
283,,,,0.1816,,,,,,0.202
284,,,,0.1777,,,,,,0.2033
285,,,,0.1738,,,,,,0.204
286,,,,0.1706,,,,,,0.2038
287,,,,0.17,,,,,,0.2027
288,,,,0.1678,,,,,,0.2006
289,,,,0.1672,,,,,,0.1964
290,,,,0.168,,,,,,0.1925
291,,,,0.1694,,,,,,0.1876
292,,,,0.1712,,,,,,0.1794
293,,,,0.1743,,,,,,0.1725
294,,,,0.1776,,,,,,0.1649
295,,,,0.1813,,,,,,0.1535
296,,,,0.185,,,,,,0.1445
297,,,,0.1886,,,,,,0.1357
298,,,,0.1922,,,,,,0.1233
299,,,,0.1949,,,,,,0.1143
300,,0.09248880296945572,,0.1969,,,,,,0.1059,,,,,,,,,,,,0.15025199949741364
301,,0.08926569670438766,,0.1979,,,,,,0.0951,,,,,,,,,,,,0.14785100519657135
302,,0.08618269860744476,,0.1988,,,,,,0.0879,,,,0.19067299365997314,,0.14,,0.12523800134658813,,,,0.14380399882793427
303,,0.0843610018491745,,0.1981,,,,,,0.0816,,,,0.18200799822807312,,0.14,,0.12247099727392197,,,,0.13802599906921387
304,,0.08323989808559418,,0.1969,,,,,,0.0737,,,,0.17341600358486176,,0.14,,0.12031300365924835,,,,0.13104799389839172
305,,0.08253920078277588,,0.1965,,,,,,0.0689,,,,0.1646679937839508,,0.14,,0.1185770034790039,,,,0.12321700155735016
306,,0.08225899934768677,,0.1938,,,,,,0.0649,,,,0.15588699281215668,,0.14,,0.11719299852848053,,,,0.11483100056648254
307,,0.0826793983578682,,0.192,,,,,,0.0598,,,,0.14701899886131287,,0.14,,0.11610099673271179,,,,0.10697399824857712
308,,0.08352019637823105,,0.1909,,,,,,0.0566,,,,0.13815900683403015,,0.14,,0.11531800031661987,,,,0.09883599728345871
309,,0.08450110256671906,,0.1898,,,,,,0.054,,,,0.12949499487876892,,0.14,,0.11492499709129333,,,,0.09128720313310623
310,,0.08646299690008163,,0.1884,,,,,,0.0513,,,,0.12110000103712082,,0.13,,0.11477000266313553,,,,0.08442080020904541
311,,0.0891256034374237,,0.188,,,,,,0.0499,,,,0.11305099725723267,,0.13,,0.1147719994187355,,,,0.078363798558712
312,,0.09164799749851227,,0.1865,,,,,,0.0482,,,,0.10550200194120407,,0.13,,0.11495699733495712,,,,0.07278130203485489
313,,0.09473089873790741,,0.1852,,,,,,0.0466,,,,0.09855719655752182,,0.13,,0.11530199646949768,,,,0.0676594004034996
314,,0.09921520203351974,,0.1841,,,,,,0.0459,,,,0.09227749705314636,,0.12,,0.115618996322155,,,,0.06306780129671097
315,,0.1029990017414093,,0.1805,,,,,,0.0452,,,,0.08662589639425278,,0.12,,0.11570999771356583,,,,0.05920200049877167
316,,0.10664200037717819,,0.1767,,,,,,0.0447,,,,0.08165449649095535,,0.11,,0.11556699872016907,,,,0.05586649850010872
317,,0.11168699711561203,,0.1726,,,,,,0.0443,,,,0.07732419669628143,,0.11,,0.11499200016260147,,,,0.05254489928483963
318,,0.11505000293254852,,0.1662,,,,,,0.0438,,,,0.07364679872989655,,0.1,,0.11388400197029114,,,,0.05031190067529678
319,,0.11785300076007843,,0.1589,,,,,,0.0434,,,,0.07051049917936325,,0.090000004,,0.11217900365591049,,,,0.04838600009679794
320,,0.12135700136423111,,0.1519,,,,,,0.0436,,,,0.06788689643144608,,0.079999998,,0.10984200239181519,,,,0.046990398317575455
321,,0.12289799749851227,,0.144,,,,,,0.0438,,,,0.0657465010881424,,0.079999998,,0.10684599727392197,,,,0.04599950090050697
322,,0.12345799803733826,,0.135,,,,,,0.0443,,,,0.06408339738845825,,0.07,,0.10313200205564499,,,,0.045566800981760025
323,,0.12289799749851227,,0.1272,,,,,,0.0448,,,,0.06284350156784058,,0.059999999,,0.09883130341768265,,,,0.04528769850730896
324,,0.12149699777364731,,0.1194,,,,,,0.0454,,,,0.062022000551223755,,0.059999999,,0.09410840272903442,,,,0.04485509917140007
325,,0.11953499913215637,,0.1108,,,,,,0.0466,,,,0.06157179921865463,,0.050000001,,0.08902580291032791,,,,0.04478529840707779
326,,0.11631199717521667,,0.1041,,,,,,0.0478,,,,0.061466898769140244,,0.039999999,,0.08365099877119064,,,,0.04489690065383911
327,,0.11364900320768356,,0.0967,,,,,,0.0485,,,,0.06164950132369995,,0.039999999,,0.07821910083293915,,,,0.04474340006709099
328,,0.11014600098133087,,0.0905,,,,,,0.0501,,,,0.06218940019607544,,0.039999999,,0.07282029837369919,,,,0.04432469978928566
329,,0.10453999787569046,,0.0848,,,,,,0.0519,,,,0.06303209811449051,,0.029999999,,0.06753910332918167,,,,0.044645700603723526
330,,0.1001959964632988,,0.0802,,,,,,0.0529,,,,0.06404809653759003,,0.029999999,,0.062472499907016754,,,,0.04474340006709099
331,,0.0961323007941246,,0.0767,,,,,,0.0543,,,,0.06528329849243164,,0.029999999,,0.057724498212337494,,,,0.045092299580574036
332,,0.08954600244760513,,0.0736,,,,,,0.0556,,,,0.06672240048646927,,0.029999999,,0.053347401320934296,,,,0.045580800622701645
333,,0.08478140085935593,,0.0692,,,,,,0.0566,,,,0.06825339794158936,,0.029999999,,0.04931750148534775,,,,0.046069301664829254
334,,0.08015689998865128,,0.067,,,,,,0.0584,,,,0.06978680193424225,,0.029999999,,0.04561860114336014,,,,0.04719970002770424
335,,0.0732904002070427,,0.065,,,,,,0.0589,,,,0.07135909795761108,,0.029999999,,0.04232719913125038,,,,0.047911498695611954
336,,0.06880609691143036,,0.0623,,,,,,0.0598,,,,0.07297740131616592,,0.029999999,,0.03932470083236694,,,,0.04926519840955734
337,,0.06390129774808884,,0.0601,,,,,,0.0612,,,,0.07454259693622589,,0.029999999,,0.036647599190473557,,,,0.05071669816970825
338,,0.057314999401569366,,0.0589,,,,,,0.0622,,,,0.07615499943494797,,0.029999999,,0.03423419967293739,,,,0.052265800535678864
339,,0.05325109884142876,,0.0571,,,,,,0.0626,,,,0.07786049693822861,,0.029999999,,0.03211190178990364,,,,0.053354401141405106
340,,0.0493272989988327,,0.0559,,,,,,0.0633,,,,0.07960010319948196,,0.029999999,,0.03023510053753853,,,,0.054289400577545166
341,,0.0437219999730587,,0.0553,,,,,,0.0647,,,,0.08139520138502121,,0.029999999,,0.02858770079910755,,,,0.0549313984811306
342,,0.04035869985818863,,0.0558,,,,,,0.0665,,,,0.08338820189237595,,0.029999999,,0.02715259976685047,,,,0.05480580031871796
343,,0.03727579861879349,,0.0555,,,,,,0.0693,,,,0.08560290187597275,,0.029999999,,0.025998400524258614,,,,0.05388469994068146
344,,0.033351998776197433,,0.056,,,,,,0.0714,,,,0.08806739747524261,,0.029999999,,0.025135399773716927,,,,0.052265800535678864
345,,0.030829599127173424,,0.0566,,,,,,0.0737,,,,0.09078890085220337,,0.039999999,,0.024385299533605576,,,,0.049907200038433075
346,,0.02844730019569397,,0.0577,,,,,,0.0767,,,,0.09367769956588745,,0.039999999,,0.023919500410556793,,,,0.04706009849905968
347,,0.025504499673843384,,0.0585,,,,,,0.0797,,,,0.09653119742870331,,0.039999999,,0.023618100211024284,,,,0.043668799102306366
348,,0.023542599752545357,,0.06,,,,,,0.0816,,,,0.09931980073451996,,0.039999999,,0.023571299389004707,,,,0.03999830037355423
349,,0.022001100704073906,,0.0614,,,,,,0.0828,,,,0.10202000290155411,,0.039999999,,0.023695800453424454,,,,0.036397598683834076
350,,0.02031949907541275,,0.063,,,,,,0.0837,,,,0.10426300019025803,,0.050000001,,0.023941200226545334,,,,0.0326434001326561
351,,0.01933860033750534,,0.0638,,,,,,0.0842,,,,0.10585799813270569,,0.050000001,,0.024351099506020546,,,,0.029098600149154663
352,,0.018217500299215317,,0.0648,,,,,,0.083,,,,0.10683400183916092,,0.050000001,,0.02478720061480999,,,,0.02604220062494278
353,,0.017376700416207314,,0.0665,,,,,,0.0819,,,,0.10716799646615982,,0.050000001,,0.025291800498962402,,,,0.022985799238085747
354,,0.016956299543380737,,0.0674,,,,,,0.0797,,,,0.10683500021696091,,0.050000001,,0.02592650055885315,,,,0.020599300041794777
355,,0.01625560037791729,,0.0684,,,,,,0.0758,,,,0.10589499771595001,,0.050000001,,0.026479100808501244,,,,0.01829650066792965
356,,0.015554900281131268,,0.07,,,,,,0.0726,,,,0.10425200313329697,,0.059999999,,0.027071600779891014,,,,0.016175199300050735
357,,0.015414799563586712,,0.0713,,,,,,0.0686,,,,0.10192800313234329,,0.059999999,,0.02773600071668625,,,,0.014486500062048435
358,,0.01527469977736473,,0.0733,,,,,,0.0626,,,,0.09891439974308014,,0.059999999,,0.028456399217247963,,,,0.013033700175583363
359,,0.015134500339627266,,0.0755,,,,,,0.0589,,,,0.09559419751167297,,0.059999999,,0.029493000358343124,,,,0.012183699756860733
360,,0.01527469977736473,,0.0776,,,,,,0.0547,,,,0.092051200568676,,0.059999999,,0.030848100781440735,,,,0.011150999926030636
361,,0.015134500339627266,,0.0802,,,,,,0.0487,,,,0.0882335975766182,,0.059999999,,0.03243039920926094,,,,0.010285699740052223
362,,0.015134500339627266,,0.0835,,,,,,0.0443,,,,0.08414849638938904,,0.050000001,,0.034064099192619324,,,,0.009922820143401623
363,,0.015554900281131268,,0.0861,,,,,,0.0403,,,,0.07978039979934692,,0.050000001,,0.03557109832763672,,,,0.009532050229609013
364,,0.01597530022263527,,0.0891,,,,,,0.0353,,,,0.07537470012903214,,0.050000001,,0.03700270131230354,,,,0.0090296296402812
365,,0.01625560037791729,,0.0928,,,,,,0.0322,,,,0.07113520056009293,,0.050000001,,0.038642000406980515,,,,0.008876110427081585
366,,0.01653590053319931,,0.095,,,,,,0.0292,,,,0.06711489707231522,,0.050000001,,0.040320299565792084,,,,0.00870864000171423
367,,0.016395699232816696,,0.0975,,,,,,0.0255,,,,0.0633833035826683,,0.039999999,,0.04217429831624031,,,,0.008959850296378136
368,,0.016675999388098717,,0.0993,,,,,,0.0234,,,,0.05979910120368004,,0.039999999,,0.0437828004360199,,,,0.008959850296378136
369,,0.0172364991158247,,0.1004,,,,,,0.0218,,,,0.056494198739528656,,0.039999999,,0.04499749839305878,,,,0.008973799645900726
370,,0.01751679927110672,,0.1004,,,,,,0.02,,,,0.053566500544548035,,0.029999999,,0.045990798622369766,,,,0.008987760171294212
371,,0.01779709942638874,,0.1002,,,,,,0.0186,,,,0.05092870071530342,,0.029999999,,0.04680019989609718,,,,0.009350620210170746
372,,0.017937200143933296,,0.0987,,,,,,0.0176,,,,0.0485725998878479,,0.029999999,,0.04755359888076782,,,,0.009434360079467297
373,,0.01807739958167076,,0.0964,,,,,,0.0165,,,,0.046472299844026566,,0.029999999,,0.048278599977493286,,,,0.009615790098905563
374,,0.018217500299215317,,0.0937,,,,,,0.0164,,,,0.04453109949827194,,0.029999999,,0.04853089898824692,,,,0.009811170399188995
375,,0.018497800454497337,,0.0905,,,,,,0.016,,,,0.04268300160765648,,0.02,,0.04824430122971535,,,,0.010257800109684467
376,,0.0187780000269413,,0.0868,,,,,,0.0156,,,,0.041085898876190186,,0.02,,0.04742350056767464,,,,0.01038340013474226
377,,0.0187780000269413,,0.0829,,,,,,0.0156,,,,0.03979890048503876,,0.02,,0.04620080068707466,,,,0.010802100412547588
378,,0.019198400899767876,,0.0787,,,,,,0.0155,,,,0.038644999265670776,,0.02,,0.04476010054349899,,,,0.011053300462663174
379,,0.019618799909949303,,0.0746,,,,,,0.0153,,,,0.037613701075315475,,0.02,,0.04299969971179962,,,,0.01112310029566288
380,,0.019618799909949303,,0.0714,,,,,,0.0151,,,,0.03680039942264557,,0.02,,0.04104980081319809,,,,0.01162550039589405
381,,0.019758999347686768,,0.0673,,,,,,0.0153,,,,0.036088500171899796,,0.02,,0.038928598165512085,,,,0.011862699873745441
382,,0.019758999347686768,,0.0634,,,,,,0.0155,,,,0.035482700914144516,,0.02,,0.0366692990064621,,,,0.012546599842607975
383,,0.019758999347686768,,0.0608,,,,,,0.0156,,,,0.035062000155448914,,0.02,,0.0344373993575573,,,,0.013007099740207195
384,,0.020179400220513344,,0.0564,,,,,,0.016,,,,0.03484629839658737,,0.02,,0.03236880153417587,,,,0.012937399558722973
385,,0.020459599792957306,,0.0545,,,,,,0.0164,,,,0.034654099494218826,,0.02,,0.030364099889993668,,,,0.013760799542069435
386,,0.020179400220513344,,0.0521,,,,,,0.0165,,,,0.03450800105929375,,0.02,,0.02839590050280094,,,,0.013900299556553364
387,,0.019899100065231323,,0.05,,,,,,0.0165,,,,0.03443260118365288,,0.02,,0.026617199182510376,,,,0.014207400381565094
388,,0.019758999347686768,,0.0485,,,,,,0.0167,,,,0.03434770181775093,,0.02,,0.025061199441552162,,,,0.014472500421106815
389,,0.01933860033750534,,0.0471,,,,,,0.0167,,,,0.034280501306056976,,0.02,,0.02339779958128929,,,,0.015016799792647362
390,,0.01933860033750534,,0.0458,,,,,,0.0165,,,,0.034458499401807785,,0.02,,0.02208149991929531,,,,0.015519199892878532
391,,0.01933860033750534,,0.0447,,,,,,0.0169,,,,0.034554000943899155,,0.02,,0.020958099514245987,,,,0.015770500525832176
392,,0.01905830018222332,,0.0439,,,,,,0.0169,,,,0.03459639847278595,,0.02,,0.02005399949848652,,,,0.016035599634051323
393,,0.018918199464678764,,0.0432,,,,,,0.0169,,,,0.03454219922423363,,0.02,,0.01914980076253414,,,,0.0164123997092247
394,,0.018497800454497337,,0.0427,,,,,,0.0167,,,,0.0343795008957386,,0.02,,0.018301500007510185,,,,0.016635699197649956
395,,0.018357599154114723,,0.0424,,,,,,0.0171,,,,0.03422509878873825,,0.02,,0.01771469973027706,,,,0.017138199880719185
396,,0.018217500299215317,,0.0419,,,,,,0.0171,,,,0.03413910046219826,,0.02,,0.017186200246214867,,,,0.01731959916651249
397,,0.018497800454497337,,0.0418,,,,,,0.0167,,,,0.03395640105009079,,0.02,,0.01681859977543354,,,,0.01780799962580204
398,,0.018637899309396744,,0.0412,,,,,,0.0169,,,,0.03379489853978157,,0.02,,0.016744399443268776,,,,0.01826860010623932
399,,0.018637899309396744,,0.0415,,,,,,0.0169,,,,0.03347320109605789,,0.02,,0.01658109948039055,,,,0.018575599417090416
400,,0.01905830018222332,,0.0415,,0.0019,,,,0.0169,,,,0.03307360038161278,,0.02,,0.01641779951751232,,,,0.018966399133205414,0,0.022
401,,0.01905830018222332,,0.0412,,0.002,,,,0.0169,,,,0.032666999846696854,,0.02,,0.01639389991760254,,,,0.019175799563527107,0,0.0064
402,,0.01933860033750534,,0.0411,,0.0019,,,,0.0169,,,,0.032352298498153687,,0.029999999,,0.016328800469636917,,,,0.019566500559449196,0,0.0057
403,,0.019618799909949303,,0.0412,,0.0019,,,,0.0174,,,,0.03213660046458244,,0.029999999,,0.016404099762439728,,,,0.02016660012304783,0,0.0064
404,,0.020179400220513344,,0.0413,,0.0022,,,,0.0174,,,,0.03178650140762329,,0.029999999,,0.01660279929637909,,,,0.02027829922735691,0,0.0051
405,,0.020739899948239326,,0.0418,,0.0021,,,,0.0172,,,,0.031252600252628326,,0.029999999,,0.016707800328731537,,,,0.020501600578427315,0,0.0063
406,,0.020880000665783882,,0.0423,,0.0025,,,,0.0174,,,,0.030912000685930252,,0.029999999,,0.016764899715781212,,,,0.021031899377703667,0,0.0043
407,,0.02130039967596531,,0.0426,,0.0021,,,,0.0174,,,,0.030584299936890602,,0.029999999,,0.01694530062377453,,,,0.02115749940276146,0,0.0055
408,,0.02186099998652935,,0.0427,,0.002,,,,0.0174,,,,0.03015650063753128,,0.029999999,,0.01718270033597946,,,,0.021618099883198738,0,0.0049
409,,0.022281400859355927,,0.0435,,0.0024,,,,0.0178,,,,0.029846500605344772,,0.029999999,,0.017439600080251694,,,,0.021883200854063034,0,0.0036
410,,0.02284190058708191,,0.0438,,0.0024,,,,0.0181,,,,0.02959899976849556,,0.029999999,,0.017604000866413116,,,,0.022036800161004066,0,0.0036
411,,0.023682700470089912,,0.0443,,0.003,,,,0.0181,,,,0.029326699674129486,,0.029999999,,0.018012700602412224,,,,0.02212049998342991,0,0.0018
412,,0.024243300780653954,,0.0446,,0.0024,,,,0.0185,,,,0.028942499309778214,,0.029999999,,0.01843849942088127,,,,0.022357700392603874,0,0.0018
413,,0.025364400818943977,,0.0454,,0.0027,,,,0.0188,,,,0.028598299250006676,,0.029999999,,0.01881759986281395,,,,0.022427499294281006,0,0.0035
414,,0.026485400274395943,,0.0456,,0.0027,,,,0.019,,,,0.028342600911855698,,0.029999999,,0.01925940066576004,,,,0.02259499952197075,0,0.0018
415,,0.02746639959514141,,0.0463,,0.0031,,,,0.0193,,,,0.028090300038456917,,0.02,,0.019818799570202827,,,,0.022790400311350822,0,0.0012
416,,0.029007799923419952,,0.0463,,0.0031,,,,0.0197,,,,0.027806300669908524,,0.02,,0.02017270028591156,,,,0.02272059954702854,0,0.0006
417,,0.030409200116991997,,0.0468,,0.0031,,,,0.02,,,,0.027518700808286667,,0.02,,0.020496899262070656,,,,0.022790400311350822,0,0.0005
418,,0.0319507010281086,,0.0471,,0.0033,,,,0.0204,,,,0.027229899540543556,,0.02,,0.020936399698257446,,,,0.022748500108718872,0,0.0011
419,,0.03405269980430603,,0.0473,,0.0035,,,,0.0209,,,,0.026985999196767807,,0.02,,0.021307500079274178,,,,0.022846199572086334,0,0.0022
420,,0.03573429957032204,,0.0472,,0.0037,,,,0.0211,,,,0.026812700554728508,,0.02,,0.02172989957034588,,,,0.02269270084798336,0,0.0033
421,,0.03755610063672066,,0.0472,,0.0037,,,,0.0211,,,,0.026597000658512115,,0.02,,0.02208380028605461,,,,0.022860199213027954,0,0.0028
422,,0.04049890115857124,,0.0477,,0.004,,,,0.0215,,,,0.026479199528694153,,0.02,,0.022366899996995926,,,,0.023027699440717697,0,0.0028
423,,0.04274100065231323,,0.0475,,0.0044,,,,0.0218,,,,0.02637070044875145,,0.02,,0.02261810004711151,,,,0.02309739962220192,0,0.0028
424,,0.04498320072889328,,0.047,,0.0045,,,,0.0222,,,,0.026098499074578285,,0.02,,0.022672900930047035,,,,0.02306950092315674,0,0.0039
425,,0.04848650097846985,,0.0471,,0.0051,,,,0.0227,,,,0.025852100923657417,,0.02,,0.022772200405597687,,,,0.023013699799776077,0,0.0039
426,,0.05100899934768677,,0.047,,0.005,,,,0.0229,,,,0.025579899549484253,,0.02,,0.022928599268198013,,,,0.023348599672317505,0,0.0039
427,,0.05367150157690048,,0.0465,,0.0053,,,,0.0234,,,,0.02554919943213463,,0.02,,0.02301420085132122,,,,0.023488199338316917,0,0.0044
428,,0.05773539841175079,,0.0461,,0.0057,,,,0.0239,,,,0.025536200031638145,,0.02,,0.02312609925866127,,,,0.023488199338316917,0,0.0044
429,,0.060818400233983994,,0.0464,,0.0058,,,,0.0244,,,,0.025347700342535973,,0.02,,0.023038199171423912,,,,0.023488199338316917,0,0.0038
430,,0.06404150277376175,,0.0461,,0.0058,,,,0.0251,,,,0.025115499272942543,,0.02,,0.02293200045824051,,,,0.023920800536870956,0,0.0044
431,,0.06838569790124893,,0.0456,,0.006,,,,0.0257,,,,0.024928100407123566,,0.02,,0.022808700799942017,,,,0.02414410002529621,0,0.006
432,,0.07174889743328094,,0.0454,,0.006,,,,0.0266,,,,0.024884499609470367,,0.02,,0.02276879921555519,,,,0.024004599079489708,0,0.0054
433,,0.07511209696531296,,0.0446,,0.0073,,,,0.0274,,,,0.02496339939534664,,0.02,,0.022515300661325455,,,,0.024409299716353416,0,0.0048
434,,0.08001679927110672,,0.0448,,0.0079,,,,0.0283,,,,0.02497519925236702,,0.02,,0.022430799901485443,,,,0.02464660070836544,0,0.0032
435,,0.08380050212144852,,0.0447,,0.0078,,,,0.0295,,,,0.025149699300527573,,0.02,,0.022228799760341644,,,,0.024841999635100365,0,0.0047
436,,0.08758410066366196,,0.0444,,0.0088,,,,0.0309,,,,0.025156699120998383,,0.02,,0.02192850038409233,,,,0.02502340078353882,0,0.0052
437,,0.09346970170736313,,0.0439,,0.0087,,,,0.0324,,,,0.02503650076687336,,0.02,,0.021743599325418472,,,,0.025232700631022453,0,0.0056
438,,0.09795399755239487,,0.0442,,0.0095,,,,0.0338,,,,0.025110799819231033,,0.02,,0.021407900378108025,,,,0.025832800194621086,0,0.0035
439,,0.10271900147199631,,0.0434,,0.0097,,,,0.0355,,,,0.025609299540519714,,0.02,,0.021171599626541138,,,,0.02595840021967888,0,0.0035
440,,0.11014600098133087,,0.0435,,0.0104,,,,0.0375,,,,0.02590399980545044,,0.02,,0.020961599424481392,,,,0.026628300547599792,0,0.003
441,,0.1158910021185875,,0.0436,,0.0108,,,,0.0394,,,,0.026289399713277817,,0.0099999998,,0.020688699558377266,,,,0.027186600491404533,0,0.0041
442,,0.1220569983124733,,0.043,,0.0118,,,,0.042,,,,0.026729000732302666,,0.0099999998,,0.020616799592971802,,,,0.027619199827313423,0,0.0025
443,,0.1314460039138794,,0.0428,,0.0122,,,,0.0441,,,,0.027293600142002106,,0.0099999998,,0.020408999174833298,,,,0.028317000716924667,0,0.0025
444,,0.13901400566101074,,0.0426,,0.0129,,,,0.0464,,,,0.028047900646924973,,0.0099999998,,0.020349599421024323,,,,0.029070699587464333,0,0.0025
445,,0.1470009982585907,,0.0423,,0.0136,,,,0.0498,,,,0.028844699263572693,,0.0099999998,,0.020253699272871017,,,,0.029796399176120758,0,0.003
446,,0.1590529978275299,,0.0423,,0.0149,,,,0.0522,,,,0.02974040061235428,,0.0099999998,,0.020010599866509438,,,,0.03126180171966553,0,0.0015
447,,0.1685820072889328,,0.042,,0.015,,,,0.0547,,,,0.030810600146651268,,0.0099999998,,0.02004140056669712,,,,0.032517798244953156,0,0.001
448,,0.1785310059785843,,0.0417,,0.0163,,,,0.0582,,,,0.03177240118384361,,0.0099999998,,0.019936399534344673,,,,0.033941399306058884,0,0.0028
449,,0.19268499314785004,,0.0415,,0.0175,,,,0.0608,,,,0.033024098724126816,,0.0099999998,,0.019816499203443527,,,,0.03516950085759163,0,0.004
450,,0.2034749984741211,,0.0412,,0.0183,,,,0.0637,,,,0.034297000616788864,,0.0099999998,,0.01973089948296547,,,,0.03648139908909798,0,0.0043
451,,0.21454599499702454,,0.0406,,0.0186,,,,0.0672,,,,0.03558880090713501,,0.0099999998,,0.019557299092411995,,,,0.03871440142393112,0,0.0034
452,,0.23010100424289703,,0.0404,,0.0207,,,,0.07,,,,0.03706210106611252,,0.0099999998,,0.01940779946744442,,,,0.04043100029230118,0,0.0039
453,,0.24173200130462646,,0.0403,,0.0218,,,,0.0728,,,,0.038570698350667953,,0.0099999998,,0.019314199686050415,,,,0.042719800025224686,0,0.0022
454,,0.2533630132675171,,0.0395,,0.0243,,,,0.0767,,0.0111,,0.040206700563430786,,0.0099999998,,0.019212599843740463,,,,0.044645700603723526,0,0.0036
455,,0.269338995218277,,0.0392,,0.0252,,,,0.0798,,0.0111,,0.042039498686790466,,0.0099999998,,0.01908930018544197,,,,0.0471160002052784,0,0.0022
456,,0.2811099886894226,,0.039,,0.0261,,,,0.083,,0.0111,,0.043915800750255585,,0.0099999998,,0.018852999433875084,,,,0.04976759850978851,0,0.0022
457,,0.29274100065231323,,0.0383,,0.0274,,,,0.0874,,0.0139,,0.04590659961104393,,0.0099999998,,0.018747899681329727,,,,0.052349500358104706,0,0.0039
458,,0.30801600217819214,,0.038,,0.0291,,,,0.0906,,0.0139,,0.0479561984539032,,0.0099999998,,0.01863029971718788,,,,0.0549733005464077,0,0.003
459,,0.318805992603302,,0.0378,,0.0307,,,,0.0943,,0.0139,,0.05008719861507416,,0.0099999998,,0.018420299515128136,,,,0.05772259831428528,0,0.0025
460,,0.32931599020957947,,0.0378,,0.0325,,,,0.0995,,0.0167,,0.05236310139298439,,0.0099999998,,0.01834839954972267,,,,0.06031849980354309,0,0.0032
461,,0.3429090082645416,,0.0381,,0.0341,,,,0.1037,,0.0167,,0.05461430177092552,,0.0099999998,,0.01823190040886402,,,,0.06319340318441391,0,0.0039
462,,0.3524380028247833,,0.0378,,0.0357,,,,0.1083,,0.0194,,0.056960899382829666,,0.0099999998,,0.017917999997735023,,,,0.06551019847393036,0,0.0042
463,,0.36154699325561523,,0.0375,,0.0374,,,,0.115,,0.0194,,0.05941839888691902,,0.0099999998,,0.01782890036702156,,,,0.06810600310564041,0,0.0037
464,,0.37387898564338684,,0.0375,,0.0413,,,,0.1205,,0.025,,0.06187469884753227,,0.0099999998,,0.017739899456501007,,,,0.0706460028886795,0,0.0044
465,,0.38284799456596375,,0.0377,,0.0432,,,,0.1261,,0.0278,,0.06441699713468552,,0.0099999998,,0.017735300585627556,,,,0.07321400195360184,0,0.0035
466,,0.39209601283073425,,0.0378,,0.0468,,,,0.1347,,0.0278,,0.06695809960365295,,0.0099999998,,0.01766910031437874,,,,0.07582379877567291,0,0.0056
467,,0.40484899282455444,,0.0381,,0.0488,,,,0.1416,,0.0278,,0.06960409879684448,,0.02,,0.017580000683665276,,,,0.07864289730787277,0,0.0063
468,,0.41479799151420593,,0.0384,,0.0506,,,,0.1491,,0.0306,,0.07221010327339172,,0.02,,0.017608599737286568,,,,0.08123870193958282,0,0.0056
469,,0.425588995218277,,0.0389,,0.0543,,,,0.1604,,0.0306,,0.07487259805202484,,0.02,,0.017635999247431755,,,,0.08404389768838882,0,0.0052
470,,0.44156399369239807,,0.0392,,0.0594,,,,0.1692,,0.0306,,0.07780030369758606,,0.02,,0.01771249994635582,,,,0.08711429685354233,0,0.0041
471,,0.45459601283073425,,0.0402,,0.0615,,,,0.1785,,0.0389,,0.08079879730939865,,0.02,,0.017869999632239342,,,,0.09065920114517212,0,0.0039
472,,0.4690299928188324,,0.0406,,0.0669,,,,0.1918,,0.0389,,0.0838892012834549,,0.02,,0.01793389953672886,,,,0.09407839924097061,0,0.0029
473,,0.4915919899940491,,0.0416,,0.07,,,,0.2022,,0.0417,,0.08732370287179947,,0.02,,0.01807890087366104,,,,0.098055899143219,0,0.0033
474,,0.5102300047874451,,0.0424,,0.0765,,,,0.2129,,0.0417,,0.09093379974365234,,0.029999999,,0.01822049915790558,,,,0.10224299877882004,0,0.0023
475,,0.5309699773788452,,0.0435,,0.0813,,,,0.2284,,0.0417,,0.09479500353336334,,0.029999999,,0.018432799726724625,,,,0.10750400274991989,0,0.0016
476,,0.5623599886894226,,0.0445,,0.0864,,,,0.2398,,0.0472,,0.09899330139160156,,0.029999999,,0.018626900389790535,,,,0.11290500313043594,0,0.0008
477,,0.5881450176239014,,0.046,,0.0914,,,,0.2513,,0.0472,,0.1036280021071434,,0.029999999,,0.018828999251127243,,,,0.11894799768924713,0,0.0004
478,,0.6154710054397583,,0.0474,,0.0983,,,,0.2671,,0.0556,,0.108815997838974,,0.029999999,,0.019173799082636833,,,,0.12541000545024872,0,0.0018
479,,0.6556900143623352,,0.0489,,0.103,,,,0.2787,,0.0611,,0.11437299847602844,,0.039999999,,0.01961440034210682,,,,0.13336500525474548,0,0.0029
480,0.00976433977484703,0.6865190267562866,,0.0503,,0.1075,,,,0.2898,,0.0611,,0.12051200121641159,,0.039999999,,0.020093899220228195,,,,0.14164100587368011,0,0.0028
481,0.010685499757528305,0.7183300256729126,,0.0522,,0.1149,,,,0.3044,,0.0694,,0.127251997590065,,0.039999999,,0.020674999803304672,,,,0.15067100524902344,0,0.005
482,0.01344900019466877,0.7634530067443848,,0.0538,,0.1184,,,,0.3149,,0.0694,,0.13393600285053253,,0.039999999,,0.020982099696993828,,,,0.1604820042848587,0,0.0038
483,0.01677289977669716,0.7963849902153015,,0.056,,0.1253,,,,0.3246,,0.0722,,0.14143699407577515,,0.050000001,,0.021696800366044044,,,,0.1713539958000183,0,0.0034
484,0.021695299074053764,0.8286150097846985,,0.0575,,0.1322,,,,0.3364,,0.075,,0.14994600415229797,,0.050000001,,0.02278590016067028,,,,0.1827699989080429,0,0.0044
485,0.02680009976029396,0.8700950145721436,,0.06,,0.1367,,,,0.3446,,0.075,,0.15874099731445312,,0.050000001,,0.023661499843001366,,,,0.19477200508117676,0,0.0045
486,0.033910300582647324,0.8981220126152039,,0.062,,0.1404,,,,0.352,,0.0833,,0.16798800230026245,,0.059999999,,0.02463649958372116,,,,0.20727699995040894,0,0.0051
487,0.041749801486730576,0.9237669706344604,,0.0645,,0.1469,,,,0.3612,,0.0889,,0.1776849925518036,,0.059999999,,0.025539500638842583,,,,0.2202560007572174,0,0.0065
488,0.05104779824614525,0.9540359973907471,,0.0665,,0.1508,,,,0.3675,,0.0972,,0.18774299323558807,,0.059999999,,0.026590999215841293,,,,0.2331099957227707,0,0.0065
489,0.06362749636173248,0.9719730019569397,,0.0693,,0.1573,,,,0.3737,,0.1028,,0.198076993227005,,0.059999999,,0.027758799493312836,,,,0.24643799662590027,0,0.0081
490,0.07866740226745605,0.9859870076179504,,0.0716,,0.1614,,,,0.3816,,0.1111,,0.20855499804019928,,0.07,,0.028915299102663994,,,,0.2594729959964752,0,0.0098
491,0.09580100327730179,0.9974780082702637,,0.0744,,0.1675,,,,0.3876,,0.1139,,0.21966899931430817,,0.07,,0.030630100518465042,,,,0.2717120051383972,0,0.0118
492,0.11569800227880478,1,,0.077,,0.1741,,,,0.3935,,0.1222,,0.2305700033903122,,0.07,,0.03201939910650253,,,,0.28338000178337097,0,0.015
493,0.14001700282096863,0.9971969723701477,,0.0795,,0.1799,,,,0.4023,,0.125,,0.24100099503993988,,0.079999998,,0.03323870152235031,,,,0.29380500316619873,0,0.0163
494,0.16820499300956726,0.9840250015258789,,0.0824,,0.1862,,,,0.4097,,0.1305,,0.2515450119972229,,0.079999998,,0.03494890034198761,,,,0.303629994392395,0,0.0184
495,0.20008400082588196,0.9677690267562866,,0.0851,,0.1949,,,,0.418,,0.1389,,0.2618040144443512,,0.079999998,,0.03673100098967552,,,,0.3119199872016907,0,0.0179
496,0.23545299470424652,0.9459080100059509,,0.0875,,0.1999,,,,0.4305,,0.1417,,0.2715190052986145,,0.090000004,,0.03863859921693802,,,,0.31885600090026855,0,0.02
497,0.2735860049724579,0.9070910215377808,,0.0902,,0.2102,,,,0.441,,0.1555,,0.28089800477027893,,0.090000004,,0.040587399154901505,,,,0.3243969976902008,0,0.0214
498,0.31926000118255615,0.8731780052185059,,0.0929,,0.219,,,,0.4531,,0.1639,,0.28957000374794006,,0.090000004,,0.042517900466918945,,,,0.328359991312027,0,0.0234
499,0.3618830144405365,0.8349210023880005,,0.0956,,0.2264,,,,0.4721,,0.1694,,0.2976900041103363,,0.1,,0.044523801654577255,,,,0.3309420049190521,0,0.0267
500,0.40544599294662476,0.7757850289344788,,0.0981,,0.2379,,,0.0051,0.488,,0.1778,,0.30516400933265686,,0.1,,0.04649759829044342,,,,0.33281201124191284,0,0.0276
501,0.4551509916782379,0.7291200160980225,,0.101,,0.2606,,,0.0052,0.5057,,0.1833,,0.3119570016860962,,0.11,,0.04852969944477081,,,,0.3337189853191376,0,0.0314
502,0.5083479881286621,0.680633008480072,,0.1038,,0.2755,,,0.006,0.5324,,0.1917,,0.3180930018424988,,0.11,,0.050452299416065216,,,,0.3337329924106598,0,0.0335
503,0.5585709810256958,0.6119670271873474,,0.1071,,0.2861,,,0.007,0.5541,,0.1972,,0.3236449956893921,,0.12,,0.052351899445056915,,,,0.333622008562088,0,0.0356
504,0.6093500256538391,0.5619400143623352,,0.11,,0.3035,,,0.0084,0.5776,,0.2055,,0.3288640081882477,,0.12,,0.054258499294519424,,,,0.3336780071258545,0,0.038
505,0.6608780026435852,0.5134530067443848,,0.1136,,0.3268,,,0.0102,0.6128,,0.2055,,0.3338330090045929,,0.13,,0.05608849972486496,,,,0.33434799313545227,0,0.0394
506,0.7162619829177856,0.4495519995689392,,0.1171,,0.3457,,,0.0123,0.6401,,0.2139,,0.3385300040245056,,0.14,,0.057789500802755356,,,,0.33578500151634216,0,0.0417
507,0.7616680264472961,0.40554898977279663,,0.121,,0.3586,,,0.0146,0.6687,,0.2139,,0.3434720039367676,,0.14,,0.059635598212480545,,0.0105,,0.33817100524902344,0,0.0422
508,0.8049820065498352,0.36406999826431274,,0.1245,,0.3765,,,0.0173,0.7095,,0.225,,0.3486819863319397,,0.15000001,,0.061408501118421555,,0.0105,,0.3421489894390106,0,0.045
509,0.8534200191497803,0.31081798672676086,,0.1297,,0.3957,,,0.0211,0.7398,,0.2361,,0.35440999269485474,,0.16,,0.06304910033941269,,0.0105,,0.34782901406288147,0,0.0481
510,0.8833580017089844,0.2753640115261078,,0.1342,,0.4222,,,0.0253,0.7705,,0.2361,,0.36100301146507263,,0.17,,0.06473299860954285,,0.0105,,0.35553300380706787,0,0.0492
511,0.9154070019721985,0.24243299663066864,,0.1396,,0.4403,,,0.0311,0.8127,,0.2472,,0.368692010641098,,0.18000001,,0.06660520285367966,,0.0105,,0.3654699921607971,0,0.0517
512,0.932295024394989,0.20207400619983673,,0.1449,,0.4579,,,0.0377,0.8432,,0.2528,,0.3776699900627136,,0.19,,0.0684410035610199,,0.0105,,0.3780440092086792,0,0.0512
513,0.9623669981956482,0.17614899575710297,,0.1516,,0.4747,,0.011577814,0.0446,0.8723,,0.2611,,0.3880249857902527,,0.2,,0.07024359703063965,,0.014,,0.3925589919090271,0,0.0549
514,0.9730179905891418,0.1530269980430603,,0.1581,0,0.4895,,0.011577814,0.0538,0.9091,,0.2778,,0.4002250134944916,,0.20999999,,0.0722666010260582,,0.014,,0.41011500358581543,0,0.0578
515,0.9836689829826355,0.12556099891662598,,0.1656,0.001,0.5039,,0.011567841,0.0633,0.9332,,0.2889,,0.4143050014972687,,0.22,,0.07442659884691238,,0.014,,0.4303799867630005,0,0.058
516,0.995182991027832,0.10832399874925613,,0.1736,0.002,0.5057,,0.011567841,0.0743,0.9541,,0.2944,,0.43028199672698975,,0.23999999,,0.07670869678258896,,0.014,,0.45372799038887024,0,0.0637
517,0.9949910044670105,0.09318950027227402,,0.1822,0.003,0.5179,,0.011557869,0.088,0.9775,,0.3111,,0.44837701320648193,,0.25,,0.0792694017291069,,0.0175,,0.47939398884773254,0,0.0634
518,1,0.07553250342607498,,0.1908,0.004,0.5249,,0.011547897,0.1023,0.9896,,0.3194,,0.46867600083351135,,0.25999999,,0.08206529915332794,,0.0175,,0.5085899829864502,0,0.0656
519,0.9928799867630005,0.06432169675827026,,0.2008,0.005,0.5283,,0.013482519,0.1188,0.9974,,0.3361,,0.49115699529647827,,0.27000001,,0.08523669838905334,,0.0175,,0.539683997631073,0,0.0704
520,0.9812120199203491,0.05493269860744476,,0.2107,0.006,0.5279,,0.013482519,0.1374,1,,0.3472,,0.5158370137214661,,0.28999999,,0.08875639736652374,,0.0175,,0.5736669898033142,0,0.0727
521,0.9753779768943787,0.0444227010011673,,0.2214,0.007,0.5343,,0.013472546,0.1588,0.9958,,0.3528,,0.5425570011138916,,0.30000001,,0.09266989678144455,,0.0176,,0.6096050143241882,0,0.0779
522,0.9542099833488464,0.037976499646902084,,0.2323,0.008,0.5291,,0.013472546,0.1839,0.987,,0.3778,,0.5712739825248718,,0.31,,0.09725929796695709,,0.021,,0.6478449702262878,0,0.0812
523,0.9352499842643738,0.032371100038290024,,0.2432,0.009,0.5296,,0.013462574,0.2115,0.9669,,0.4,,0.6018049716949463,,0.31999999,,0.10220099985599518,,0.021,,0.687870979309082,0,0.0857
524,0.9238889813423157,0.026064999401569366,,0.2545,0.01,0.5248,,0.013452602,0.2393,0.9469,,0.4139,,0.633903980255127,,0.33000001,,0.1076819971203804,,0.0245,,0.7283160090446472,0,0.0917
525,0.9049469828605652,0.02214130014181137,,0.2661,0.011,0.521,,0.01734179,0.2703,0.9225,,0.4278,,0.6673979759216309,,0.34,,0.11374899744987488,,0.0246,,0.7701420187950134,0,0.0969
526,0.8918020129203796,0.0187780000269413,,0.2773,0.012,0.5182,,0.017331818,0.3034,0.8824,,0.4528,,0.7019749879837036,,0.34,,0.12036299705505371,,0.0246,,0.8112710118293762,0,0.1024
527,0.8641470074653625,0.015134500339627266,,0.2887,0.013,0.5145,,0.017321846,0.34,0.8493,,0.4667,,0.7372000217437744,,0.34999999,,0.12761400640010834,,0.0246,,0.8515340089797974,0,0.108
528,0.8401399850845337,0.012752199545502663,,0.2997,0.014,0.5135,,0.017321846,0.378,0.8134,,0.4861,,0.7725279927253723,,0.36000001,,0.13537800312042236,,0.0281,,0.8880580067634583,0,0.1162
529,0.8172640204429626,0.010790400207042694,,0.3103,0.015,0.5131,,0.017311873,0.417,0.7598,,0.5028,,0.807437002658844,,0.36000001,,0.14356499910354614,,0.0281,,0.92255699634552,0,0.1234
530,0.7922199964523315,0.008548210375010967,,0.3201,0.0174,0.5161,,0.021191088,0.4596,0.7181,,0.5222,,0.8413950204849243,,0.37,,0.15232700109481812,,0.0281,0.028476599603891373,0.9515020251274109,0,0.1322
531,0.7716280221939087,0.00742712989449501,,0.3301,0.0188,0.5258,,0.021191088,0.5042,0.6754,,0.5444,,0.87391597032547,,0.37,,0.16135600209236145,,0.0298,0.03926299884915352,0.975242018699646,0,0.1432
532,0.7459310293197632,0.006165919825434685,,0.3394,0.0204,0.5251,,0.021181116,0.5468,0.6153,,0.5556,,0.9041169881820679,,0.38,,0.1708880066871643,,0.0298,0.05163269862532616,0.9913889765739441,0,0.1493
533,0.725013017654419,0.00476456992328167,,0.348,0.0223,0.5333,,0.025060331,0.5917,0.5717,,0.5722,,0.931427001953125,,0.38,,0.18071700632572174,,0.0333,0.06273719668388367,1,0,0.1612
534,0.6988750100135803,0.004063900094479322,,0.3555,0.0246,0.5467,,0.02505036,0.6362,0.5282,,0.5917,,0.9551079869270325,,0.38,,0.1906139999628067,,0.0333,0.07353030145168304,0.9994840025901794,0,0.1697
535,0.6741960048675537,0.0033632300328463316,,0.3629,0.0272,0.5547,,0.02505036,0.6788,0.4702,,0.5917,,0.9743409752845764,,0.38999999,,0.20063099265098572,,0.0368,0.08480259776115417,0.98996502161026,0,0.1827
536,0.6594759821891785,0.002382290083914995,,0.3687,0.0303,0.5687,,0.025040388,0.724,0.4292,,0.6083,,0.9885479807853699,,0.38999999,,0.21054400503635406,,0.0368,0.09668660163879395,0.971347987651825,0,0.1924
537,0.6381549835205078,0.0018217499600723386,,0.3743,0.034,0.5808,,0.025040388,0.7651,0.3893,,0.6139,,0.9972699880599976,,0.38999999,,0.2202720046043396,,0.0368,0.11264300346374512,0.944021999835968,0,0.2072
538,0.620307981967926,0.001401350018568337,,0.3786,0.0385,0.6004,,0.028919604,0.8042,0.3381,,0.6194,,1,,0.40000001,,0.22966299951076508,,0.0438,0.13123300671577454,0.9072049856185913,0,0.2173
539,0.5992169976234436,0.0008410000009462237,,0.3826,0.0439,0.6184,,0.028909631,0.8399,0.3037,,0.6222,,0.9965540170669556,,0.40000001,,0.23861999809741974,,0.0438,0.15404699742794037,0.8641369938850403,0,0.2271
540,0.5839790105819702,0.0007009999826550484,,0.3861,0.0503,0.6378,,0.028899658,0.8741,0.2717,,0.6222,,0.9864429831504822,,0.41,,0.24688300490379333,,0.0473,0.17905400693416595,0.8133370280265808,0,0.2382
541,0.5674369931221008,0.0005610000225715339,,0.3886,0.058,0.6774,,0.028899658,0.9036,0.2314,,0.6222,0.39076998829841614,0.9699320197105408,,0.41999999,,0.254397988319397,,0.0473,0.20729899406433105,0.7581819891929626,0,0.2471
542,0.5518919825553894,0.00028026901418343186,,0.391,0.0673,0.7055,,0.030834282,0.9275,0.205,,0.6194,0.4405739903450012,0.947176992893219,,0.43000001,,0.2612000107765198,,0.0508,0.24330000579357147,0.6984909772872925,0,0.2568
543,0.5351960062980652,0.00028026901418343186,,0.393,0.0784,0.7314,,0.034713496,0.9475,0.1811,,0.6194,0.4912390112876892,0.918491005897522,,0.44,,0.2670249938964844,,0.0543,0.2830809950828552,0.6380469799041748,0,0.267
544,0.5237579941749573,0.000009999999747378752,,0.3948,0.0917,0.7694,,0.034713496,0.9655,0.1519,,0.6139,0.5443069934844971,0.8843110203742981,,0.44999999,,0.27186399698257446,,0.0543,0.3270370066165924,0.576291024684906,0,0.2727
545,0.5077720284461975,0.000009999999747378752,,0.3968,0.1074,0.8049,,0.034703523,0.9813,0.1333,,0.6056,0.5979470014572144,0.8455280065536499,,0.46000001,,0.2758359909057617,,0.0578,0.3777390122413635,0.5156940221786499,0,0.2811
546,0.4978890120983124,0.000009999999747378752,,0.399,0.1258,0.8391,,0.03469355,0.9924,0.1168,,0.6,0.6501529812812805,0.8026800155639648,,0.47999999,,0.2788270115852356,,0.0578,0.4310230016708374,0.4581109881401062,0,0.2919
547,0.4817880094051361,0.000009999999747378752,,0.4016,0.1472,0.8737,,0.042461958,0.9957,0.0965,,0.5944,0.7002689838409424,0.7567600011825562,,0.5,,0.2808910012245178,,0.0613,0.4912109971046448,0.4034160077571869,0,0.2955
548,0.47106000781059265,0.000009999999747378752,,0.4052,0.1721,0.8976,,0.042461958,1,0.0839,0.0111,0.5861,0.7481769919395447,0.7085670232772827,,0.51999998,,0.28210100531578064,,0.0613,0.5538070201873779,0.35229501128196716,0,0.3012
549,0.45835599303245544,0.000009999999747378752,,0.4097,0.2007,0.9307,,0.04245198,0.9946,0.0726,0.0111,0.5833,0.7938640117645264,0.6591269969940186,,0.54000002,,0.2827099859714508,,0.0683,0.6121330261230469,0.3047739863395691,0,0.3087
550,0.44996899366378784,0.000009999999747378752,,0.4153,0.2336,0.9647,,0.044386607,0.9907,0.0594,0.0111,0.5833,0.8369029760360718,0.6091470122337341,,0.565,,0.28271299600601196,,0.0683,0.6810370087623596,0.2634359896183014,0,0.3108
551,0.438742995262146,,,0.4226,0.2713,0.9789,,0.044386607,0.9825,0.0513,0.0111,0.5833,0.8758479952812195,0.5593569874763489,,0.57999998,,0.2822279930114746,,0.0718,0.7404429912567139,0.22590799629688263,0,0.3129
552,0.42866700887680054,,,0.4313,0.314,0.9968,,0.044376634,0.9721,0.0445,0.0139,0.5833,0.9091879725456238,0.5105670094490051,0.07,0.61000001,,0.28154799342155457,,0.0753,0.7979729771614075,0.19305500388145447,0,0.3047
553,0.4162130057811737,,,0.4416,0.3608,0.9989,,0.04825585,0.9579,0.036,0.0139,0.5861,0.9362220168113708,0.46355101466178894,0.079999998,0.63999999,,0.2808240056037903,,0.0753,0.8535079956054688,0.1634960025548935,0,0.3096
554,0.4078649878501892,,,0.4541,0.4117,1,,0.052135065,0.942,0.0309,0.0139,0.5917,0.9572539925575256,0.4184640049934387,0.090000004,0.66000003,,0.28023800253868103,,0.0788,0.8971740007400513,0.138264000415802,0,0.308
555,0.39600399136543274,,,0.4685,0.466,0.9913,,0.052135065,0.9232,0.0264,0.0167,0.5944,0.9730929732322693,0.3759250044822693,0.1,0.69,,0.28001999855041504,,0.0788,0.9346290230751038,0.11614300310611725,0,0.3093
556,0.38780999183654785,,,0.4842,0.5229,0.9852,,0.05601428,0.907,0.0215,0.0194,0.6056,0.9844779968261719,0.33611300587654114,0.11,0.72000003,,0.2803730070590973,,0.0823,0.9640259742736816,0.09726040065288544,0,0.3084
557,0.37896299362182617,,,0.5021,0.5819,0.9538,,0.05600431,0.8873,0.0186,0.025,0.6111,0.9921299815177917,0.299125999212265,0.12,0.75,,0.28132399916648865,,0.0823,0.9835699796676636,0.08162949979305267,0,0.3065
558,0.36597099900245667,,,0.5219,0.6415,0.932,,0.059883524,0.8658,0.016,0.0278,0.6278,0.9960619807243347,0.2652060091495514,0.14,0.77999997,,0.2832620143890381,,0.0893,0.997340977191925,0.06827349960803986,0,0.3029
559,0.35750699043273926,,,0.5442,0.7012,0.8952,,0.061828118,0.8444,0.013,0.0306,0.6417,0.9955880045890808,0.2341800034046173,0.15000001,0.81,,0.2862589955329895,,0.0928,1,0.05680150166153908,0,0.3013
560,0.34768199920654297,,,0.5677,0.7583,0.8451,,0.061818145,0.8209,0.0111,0.0306,0.65,0.9909759759902954,0.20606499910354614,0.17,0.83999997,,0.2905069887638092,,0.0963,0.9925240278244019,0.04717180132865906,0,0.3084
561,0.3387199938297272,,,0.5931,0.812,0.7777,,0.06958655,0.8011,0.0093,0.0417,0.6833,0.982466995716095,0.18085399270057678,0.18000001,0.87,,0.296083003282547,,0.0997,0.9853320121765137,0.03910509869456291,0,0.3077
562,0.3288170099258423,,,0.6202,0.8609,0.7271,,0.06958655,0.777,0.0076,0.0444,0.7028,0.9697920083999634,0.1581829935312271,0.2,0.89999998,,0.3031190037727356,,0.0997,0.9671339988708496,0.032615501433610916,0,0.3083
563,0.31983599066734314,,,0.6492,0.9036,0.6801,,0.073455796,0.7542,0.0065,0.0556,0.725,0.953436017036438,0.138031005859375,0.22,0.92000002,,0.31182798743247986,,0.1032,0.9461320042610168,0.027186600491404533,0,0.3112
564,0.30887800455093384,,,0.6785,0.9384,0.6153,,0.073455796,0.7319,0.0055,0.0694,0.7583,0.9342759847640991,0.12010499835014343,0.23999999,0.94,,0.32219699025154114,,0.1033,0.9219080209732056,0.022483399137854576,0,0.3163
565,0.30081799626350403,,0.0351,0.7093,0.9664,0.5457,,0.07733501,0.7126,0.0044,0.0694,0.7583,0.9128590226173401,0.10427200049161911,0.27000001,0.95999998,,0.3344689905643463,,0.1102,0.8973140120506287,0.018924500793218613,0,0.3255
566,0.29026299715042114,,0.0364,0.7405,0.9862,0.4863,,0.08315882,0.6934,0.0035,0.0889,0.7944,0.8896030187606812,0.09027379751205444,0.28999999,0.98000002,0.005090000107884407,0.3488500118255615,,0.1137,0.8646460175514221,0.016007699072360992,0,0.3323
567,0.2821829915046692,,0.0414,0.7714,0.9969,0.4502,,0.08315882,0.6723,0.0028,0.1111,0.8278,0.8654720187187195,0.07792410254478455,0.31999999,0.99000001,0.0063455598428845406,0.36510801315307617,,0.1172,0.8370069861412048,0.01331419963389635,0,0.34
568,0.27251100540161133,,0.0499,0.8026,1,0.3955,,0.083148845,0.6538,0.0023,0.1305,0.8556,0.8413209915161133,0.06723509728908539,0.34999999,0.99000001,0.007689999882131815,0.38335201144218445,,0.1242,0.8046979904174805,0.01119139976799488,0,0.3533
569,0.2644509971141815,,0.0593,0.8328,0.9955,0.3482,,0.08703803,0.6333,0.0019,0.1639,0.8861,0.8167510032653809,0.05801820009946823,0.38,1,0.009283330291509628,0.4038490056991577,,0.1277,0.7728599905967712,0.009657659567892551,0,0.3647
570,0.25372299551963806,,0.0692,0.863,0.9833,0.3021,,0.09285187,0.6143,0.0014,0.1833,0.9056,0.7916110157966614,0.04981369897723198,0.41999999,0.99000001,0.01119999960064888,0.4263390004634857,,0.1312,0.7419940233230591,0.008136440068483353,0.0089,0.3778
571,0.2453940063714981,,0.0827,0.8902,0.964,0.2631,,0.09285187,0.5985,0.0011,0.2083,0.925,0.7662659883499146,0.04276670143008232,0.44999999,0.98000002,0.013556700199842453,0.4509980082511902,,0.1347,0.7099149823188782,0.007019939832389355,0.01,0.3995
572,0.2367970049381256,,0.0966,0.9159,0.9395,0.2259,,0.0928419,0.5804,0.0009,0.2528,0.9528,0.7405319809913635,0.036787498742341995,0.49000001,0.97000003,0.016465600579977036,0.47787201404571533,,0.1417,0.6772279739379883,0.00612674979493022,0.0104,0.4162
573,0.22746999561786652,,0.1113,0.9392,0.9107,0.1952,,0.09673109,0.5649,0.0005,0.2833,0.9694,0.7145959734916687,0.031496599316596985,0.52999997,0.94999999,0.02003669925034046,0.506846010684967,,0.1451,0.6518610119819641,0.0051079499535262585,0.0133,0.4368
574,0.22057999670505524,,0.1296,0.9598,0.8777,0.1693,,0.09672111,0.5496,0.0005,0.3389,0.9861,0.6886590123176575,0.026918800547719002,0.565,0.92000002,0.024393299594521523,0.5375019907951355,,0.1521,0.621882975101471,0.004493880085647106,0.0146,0.4501
575,0.2111770063638687,,0.1488,0.9765,0.8421,0.1493,,0.10060033,0.5351,0.0004,0.3917,0.9944,0.6625019907951355,0.023322800174355507,0.60000002,0.88999999,0.029658900573849678,0.5700309872627258,,0.1591,0.5997300148010254,0.003991459961980581,0.0185,0.4846
576,0.2053239941596985,,0.1702,0.989,0.8047,0.132,,0.10448952,0.521,0,0.4306,1,0.6369060277938843,0.020184099674224854,0.64999998,0.86000001,0.035951100289821625,0.6043689846992493,,0.1696,0.5730760097503662,0.003670470090582967,0.0218,0.51
577,0.1970909982919693,,0.1971,0.997,0.7657,0.1172,,0.11030336,0.5082,0,0.5028,1,0.6129559874534607,0.017333000898361206,0.69,0.81999999,0.043452199548482895,0.6402850151062012,,0.1766,0.5482890009880066,0.0030005699954926968,0.0239,0.5323
578,0.18960599601268768,,0.2221,1,0.7261,0.1002,,0.11030336,0.4949,0,0.5778,1,0.5908409953117371,0.014805999584496021,0.72000003,0.77999997,0.05241889879107475,0.6767370104789734,,0.18,0.5285339951515198,0.002763319993391633,0.0295,0.5622
579,0.1822659969329834,,0.2531,0.9971,0.6869,0.0878,,0.11806179,0.4816,0,0.6222,1,0.5703179836273193,0.013048600405454636,0.75999999,0.74000001,0.06302329897880554,0.7141450047492981,,0.1975,0.5086860060691833,0.0027214500587433577,0.0334,0.5943
580,0.175477996468544,,0.2868,0.9896,0.6477,0.0717,,0.11806179,0.4706,0,0.6667,0.9833,0.5509240031242371,0.011529400013387203,0.80000001,0.69999999,0.07533329725265503,0.7519180178642273,,0.2045,0.4890730082988739,0.0024981501046568155,0.0395,0.6279
581,0.1692180037498474,,0.3234,0.9763,0.61,0.062,,0.11806179,0.4604,0,0.7361,0.9667,0.5319780111312866,0.009900510311126709,0.82999998,0.64999998,0.08946669846773148,0.7890539765357971,,0.2149,0.475616991519928,0.0021073799580335617,0.0476,0.6602
582,0.16161799430847168,,0.3631,0.958,0.5738,0.0498,,0.121941,0.4487,0,0.8333,0.9444,0.5131890177726746,0.008784350007772446,0.87,0.60000002,0.10568200051784515,0.8253160119056702,,0.2219,0.45711201429367065,0.002093419898301363,0.0567,0.6914
583,0.15553799271583557,,0.4011,0.9344,0.5392,0.0428,,0.12193103,0.4366,0,0.8528,0.8917,0.4946880042552948,0.007896839641034603,0.89999998,0.565,0.12426400184631348,0.8602399826049805,,0.2289,0.4479210078716278,0.0019957299809902906,0.0673,0.7324
584,0.14895200729370117,,0.4422,0.9069,0.5072,0.0356,,0.12775484,0.4265,0,0.8861,0.8333,0.47644200921058655,0.006847850047051907,0.92000002,0.50999999,0.14543400704860687,0.8926690220832825,,0.2359,0.43293800950050354,0.002079470083117485,0.0784,0.7576
585,0.14420999586582184,,0.487,0.8741,0.4774,0.0311,,0.12775484,0.4161,0,0.9167,0.7944,0.4584679901599884,0.0061889998614788055,0.94,0.47,0.16941800713539124,0.9220269918441772,,0.2464,0.4232940077781677,0.0019538600463420153,0.0943,0.7967
586,0.13885000348091125,,0.5293,0.8392,0.4495,0.0266,,0.13551328,0.4048,0,0.9556,0.7389,0.44149601459503174,0.005725800059735775,0.95999998,0.43000001,0.19639599323272705,0.9474570155143738,,0.2533,0.4131610095500946,0.001856170012615621,0.1092,0.8237
587,0.13298000395298004,,0.5698,0.8005,0.4237,0.0242,,0.13551328,0.3925,0,0.9778,0.6694,0.4262079894542694,0.005389890167862177,0.98000002,0.38999999,0.2262600064277649,0.9687770009040833,,0.2603,0.4036720097064972,0.001688690041191876,0.1264,0.8568
588,0.12787500023841858,,0.6111,0.7593,0.3995,0.0202,,0.1393925,0.3843,0,0.9944,0.6278,0.41270899772644043,0.004786429926753044,0.99000001,0.34999999,0.258870005607605,0.9849380254745483,,0.2708,0.3978469967842102,0.0017305599758401513,0.1467,0.8832
589,0.12446500360965729,,0.6597,0.7173,0.3767,0.0155,,0.1452163,0.3757,0,1,0.5639,0.40104299783706665,0.004128749947994947,0.99000001,0.31999999,0.2943199872970581,0.9952989816665649,,0.2778,0.3937529921531677,0.0016607800498604774,0.1698,0.9173
590,0.11880700290203094,,0.7024,0.6744,0.3558,0.0143,,0.1452163,0.3636,0,1,0.525,0.3910059928894043,0.003923669923096895,1,0.28,0.33263200521469116,1,,0.2882,0.3865109980106354,0.0017724300269037485,0.1961,0.9369
591,0.11443500220775604,,0.7409,0.6302,0.3367,0.0119,,0.15297472,0.3554,0,1,0.4861,0.38207298517227173,0.00363018992356956,0.99000001,0.25,0.37361401319503784,0.9983469843864441,,0.2952,0.3822470009326935,0.0016747399931773543,0.2284,0.9586
592,0.110835000872612,,0.7808,0.5859,0.3193,0.0104,,0.15686391,0.345,0,1,0.4278,0.37394100427627563,0.003428640076890588,0.99000001,0.22,0.41693300008773804,0.9902939796447754,,0.3022,0.37528499960899353,0.0013677000533789396,0.258,0.9725
593,0.10569199919700623,,0.8166,0.5432,0.3035,0.0101,,0.16268773,0.3343,0,0.9944,0.3806,0.36645200848579407,0.0032860299106687307,0.98000002,0.2,0.4622099995613098,0.9759039878845215,,0.3057,0.3728179931640625,0.0015072600217536092,0.2934,0.9916
594,0.10183499753475189,,0.8497,0.5005,0.289,0.0084,,0.16656694,0.3254,0,0.9806,0.325,0.35920101404190063,0.0029819400515407324,0.97000003,0.18000001,0.5089030265808105,0.9550880193710327,,0.3127,0.3687869906425476,0.0015491299564018846,0.3359,0.9932
595,0.09870850294828415,,0.8889,0.4597,0.276,0.0071,,0.17045613,0.3161,0,0.9639,0.2639,0.3517569899559021,0.0027014301158487797,0.95999998,0.15000001,0.5563600063323975,0.9285460114479065,,0.3196,0.3648639917373657,0.001521219965070486,0.3746,1
596,0.09456320106983185,,0.9177,0.4204,0.2643,0.0065,,0.18404835,0.3071,0,0.9556,0.2639,0.34419700503349304,0.0024409499019384384,0.94,0.14,0.6040989756584167,0.8970410227775574,,0.3231,0.3607940077781677,0.0014374799793586135,0.4258,0.9973
597,0.09119520336389542,,0.936,0.3835,0.254,0.0066,,0.18793753,0.2976,0,0.9306,0.2222,0.33708301186561584,0.0022653299383819103,0.92000002,0.12,0.651718020439148,0.8610759973526001,,0.3301,0.35728898644447327,0.0015630900161340833,0.4644,0.9914
598,0.08782719820737839,,0.9598,0.3483,0.2445,0.0059,,0.19764055,0.2905,0,0.9,0.1805,0.3307589888572693,0.002246469957754016,0.89999998,0.1,0.6986160278320312,0.8212609887123108,,0.3301,0.3525629937648773,0.0014235300477594137,0.5186,0.9664
599,0.08471830189228058,,0.9739,0.3153,0.2362,0.0046,,0.20152976,0.2793,0,0.8778,0.1583,0.3248780071735382,0.0021050400100648403,0.87,0.090000004,0.7440530061721802,0.777944028377533,,0.3336,0.34871798753738403,0.0015910000074654818,0.5604,0.947
600,0.08186840265989304,,0.9844,0.2845,0.2286,0.0038,,0.21124275,0.2715,0,0.8444,0.125,0.3187839984893799,0.0020119301043450832,0.85000002,0.079999998,0.7870740294456482,0.7326200008392334,,0.3371,0.3414109945297241,0.0017026499845087528,0.611,0.9209
601,0.07927770167589188,,0.9922,0.2564,0.2217,0.0032,,0.21901114,0.2619,,0.825,0.1111,0.31217798590660095,0.0019141000229865313,0.81999999,0.07,0.8268619775772095,0.6857560276985168,,0.3371,0.3368169963359833,,0.6544,0.8929
602,0.0753915011882782,,0.9986,0.2307,0.2156,0.0031,,0.22872415,0.254,,0.7944,0.0944,0.30510199069976807,0.001791520044207573,0.79000002,0.059999999,0.8628820180892944,0.6382219791412354,,0.3371,0.33184000849723816,,0.7012,0.8586
603,0.07357800006866455,,0.994,0.2064,0.2102,0.0028,,0.23260336,0.2471,,0.7639,0.075,0.297681987285614,0.0017479100497439504,0.75999999,0.050000001,0.8947790265083313,0.5909469723701477,,0.3371,0.3251290023326874,,0.7374,0.825
604,0.07099100202322006,,1,0.185,0.2053,0.0025,,0.24037176,0.2384,,0.7472,0.0667,0.2901960015296936,0.0017962399870157242,0.74000001,0.039999999,0.9224600195884705,0.5445219874382019,,0.3371,0.31766700744628906,,0.7957,0.7786
605,0.06864199787378311,,0.9917,0.165,0.2006,0.002,,0.25008476,0.2292,,0.7111,0.0528,0.2828879952430725,0.0018457400146871805,0.70999998,0.039999999,0.9459969997406006,0.49893099069595337,,0.3371,0.31078699231147766,,0.8293,0.7372
606,0.06577110290527344,,0.9862,0.1469,0.1961,0.0016,,0.25979775,0.2202,,0.6944,0.0472,0.2755089998245239,0.0017620599828660488,0.68000001,0.029999999,0.9652209877967834,0.4548949897289276,,0.3337,0.30355098843574524,,0.878,0.6917
607,0.06342209875583649,,0.9742,0.1305,0.1916,0.0014,,0.27339995,0.2119,,0.6694,0.0417,0.26807600259780884,0.0017184499884024262,0.64999998,0.029999999,0.9799110293388367,0.41296499967575073,,0.3372,0.29608699679374695,,0.9063,0.6378
608,0.06133420020341873,,0.9595,0.1163,0.1871,0.0009,,0.28116834,0.2057,,0.6417,0.0333,0.261029988527298,0.0017125499434769154,0.62,0.02,0.9900519847869873,0.3734489977359772,,0.3372,0.28745898604393005,,0.9323,0.5962
609,0.0584632009267807,,0.9411,0.1029,0.1827,0.0004,,0.29477054,0.1978,,0.6111,0.025,0.2543259859085083,0.0016807300271466374,0.60000002,0.02,0.9960579872131348,0.3362269997596741,,0.3407,0.2776379883289337,,0.9493,0.5461
610,0.05663619935512543,,0.9213,0.0916,0.1784,0.0002,,0.29864976,0.1902,,0.6,0.025,0.2476630061864853,0.0015982299810275435,0.56999999,0.02,0.9984679818153381,0.30170300602912903,,0.3407,0.2696940004825592,,0.9658,0.5024
611,0.05521230027079582,,0.9123,0.0812,0.1738,0.0001,,0.30641815,0.1842,,0.5861,0.0194,0.24109099805355072,0.0015039299614727497,0.55500001,0.02,0.9976419806480408,0.26976901292800903,,0.3442,0.2613860070705414,,0.9826,0.4572
612,0.05337179824709892,,0.8882,0.0722,0.169,0.0001,,0.32196495,0.1779,,0.5639,0.0194,0.23481400310993195,0.0011043800041079521,0.51999998,0.0099999998,0.993852972984314,0.24048399925231934,,0.3476,0.25176098942756653,,0.9967,0.41
613,0.051268499344587326,,0.866,0.0641,0.164,0.0001,,0.32584414,0.1717,,0.55,0.0167,0.22880299389362335,0.0006140670157037675,0.5,0.0099999998,0.9871299862861633,0.2135310024023056,,0.3511,0.2446569949388504,,1,0.3679
614,0.04969099909067154,,0.8409,0.0569,0.1589,0.0001,,0.33944634,0.1655,,0.525,0.0139,0.2228740006685257,0.00026872800663113594,0.47999999,0.0099999998,0.9772089719772339,0.18916499614715576,,0.3581,0.23453399538993835,,0.9882,0.3275
615,0.04793509840965271,,0.8256,0.0508,0.1535,0.0001,,0.34332556,0.1599,,0.5167,0.0139,0.2170259952545166,0.0006942140171304345,0.46000001,0.0099999998,0.964136004447937,0.1672849953174591,,0.3721,0.22763699293136597,,0.9834,0.291
616,0.04608120024204254,,0.7976,0.0452,0.1482,0.0001,,0.35498315,0.1538,,0.5083,0.0111,0.21088099479675293,0.0012894199462607503,0.44,0.0099999998,0.9484390020370483,0.14743000268936157,,0.3791,0.21826300024986267,,0.9761,0.261
617,0.045081399381160736,,0.7793,0.0404,0.1426,0.0001,,0.36080697,0.1495,,0.4944,0.0111,0.20400400459766388,0.0015110099921002984,0.41999999,0.0099999998,0.9305930137634277,0.1297679990530014,,0.393,0.21056999266147614,,0.9596,0.2258
618,0.043214101344347,,0.7554,0.0359,0.1369,0.0001,,0.36469615,0.1435,,0.4861,0.0111,0.196833997964859,0.0014461800456047058,0.40000001,0.0099999998,0.910942018032074,0.11394499987363815,,0.4035,0.20158100128173828,,0.9406,0.2026
619,0.040813300758600235,,0.7281,0.0322,0.131,0.0001,,0.37440914,0.1394,,0.4722,0.0111,0.18993599712848663,0.0012882499722763896,0.38,0.0099999998,0.8899989724159241,0.09979940205812454,,0.4209,0.19345299899578094,,0.9179,0.1801
620,0.03949489817023277,,0.704,0.0292,0.1251,0,,0.37439916,0.1348,,0.4611,0.0056,0.18328799307346344,0.0013672099448740482,0.37,0.0099999998,0.8680909872055054,0.08731559664011002,,0.4349,0.18576200306415558,,0.8953,0.1489
621,0.03868890181183815,,0.6755,0.0261,0.1193,0.0001,,0.37828836,0.1291,,0.4611,0.0056,0.176829993724823,0.0018551700050011277,0.34999999,0.0099999998,0.845242977142334,0.07644040137529373,,0.4506,0.1796649992465973,,0.8572,0.1279
622,0.03680050000548363,,0.656,0.0237,0.1136,0.0001,,0.38216758,0.1243,,0.4556,0.0056,0.17058099806308746,0.002359620062634349,0.34,0.0099999998,0.8213300108909607,0.06713269650936127,0,0.4715,0.1704840064048767,,0.8405,0.1126
623,0.03544750064611435,,0.6279,0.0216,0.1079,0,,0.3821576,0.12,,0.4417,0.0111,0.16431300342082977,0.0026849200949072838,0.33000001,0.0099999998,0.7965229749679565,0.05893459916114807,0.0099,0.489,0.16415299475193024,,0.8085,0.0921
624,0.03488140180706978,,0.6093,0.0194,0.1024,0.0001,,0.38214764,0.1165,,0.4417,0.0111,0.15778100490570068,0.0023407600820064545,0.31,0.0099999998,0.7709580063819885,0.051613301038742065,0.0195,0.5134,0.15727199614048004,,0.7917,0.0791
625,0.033518798649311066,,0.5871,0.0178,0.0969,0,,0.38214764,0.1123,,0.4333,0.0111,0.15115800499916077,0.0017231600359082222,0.30000001,0.0099999998,0.744720995426178,0.04524410143494606,0.0295,0.5378,0.15130500495433807,,0.7564,0.0673
626,0.03210829943418503,,0.5676,0.0165,0.0915,0,,0.38602686,0.1087,,0.4333,0.0111,0.14461800456047058,0.0014226100174710155,0.28999999,0.0099999998,0.7182520031929016,0.039528001099824905,0.0321,0.5692,0.14451099932193756,,0.7288,0.0508
627,0.03095109947025776,,0.5496,0.0148,0.0863,0.0001,,0.38601688,0.1047,,0.4333,0.0111,0.13844600319862366,0.001507470034994185,0.28,0.0099999998,0.6919010281562805,0.03455499932169914,0.0385,0.5901,0.13928699493408203,,0.6981,0.0427
628,0.029845699667930603,,0.5258,0.0137,0.0814,0,,0.38601688,0.1006,,0.4333,0.0111,0.1332090049982071,0.0017160900169983506,0.27000001,0.0099999998,0.6655970215797424,0.030212199315428734,0.0412,0.625,0.1325480043888092,,0.6757,0.0339
629,0.02949639968574047,,0.5083,0.0127,0.0767,0,,0.3879515,0.0977,,0.4333,0.0111,0.12888400256633759,0.001780909951776266,0.27000001,0.0099999998,0.6395480036735535,0.02652820013463497,0.0512,0.6459,0.12740099430084229,,0.6486,0.0266
630,0.027178199961781502,,0.491,0.0118,0.0722,0,,0.3879415,0.0942,,0.4389,0.0111,0.12488999962806702,0.0016052999999374151,0.25999999,0.0099999998,0.6142190098762512,0.023074699565768242,0.0607,0.6668,0.12232699990272522,,0.6221,0.0197
631,0.027364300563931465,,0.4735,0.0108,0.0679,0,,0.3879415,0.0908,,0.4389,0.0111,0.12071000039577484,0.0014626800548285246,0.25,0.0099999998,0.589900016784668,0.019766300916671753,0.0665,0.7017,0.11730899661779404,,0.5898,0.0163
632,0.026130300015211105,,0.4572,0.0105,0.0637,0,,0.38598695,0.0887,,0.4417,0.0111,0.11594299972057343,0.0013424600474536419,0.23999999,0.0099999998,0.5667930245399475,0.01685970090329647,0.0729,0.7192,0.11191000044345856,,0.5724,0.0088
633,0.02471020072698593,,0.4377,0.0096,0.0597,0,,0.38597697,0.0852,,0.4417,0.0111,0.1105939969420433,0.0012894199462607503,0.23999999,0.0099999998,0.5451059937477112,0.014370899647474289,0.0806,0.7541,0.10814899951219559,,0.54,0.0047
634,0.02373339980840683,,0.423,0.0092,0.056,0,,0.3820878,0.0827,,0.4444,0.0111,0.10529100149869919,0.0013212499907240272,0.23,0.0099999998,0.524832010269165,0.012274900451302528,0.0894,0.7855,0.10311999917030334,,0.5212,0.0018
635,0.02302910014986992,,0.4091,0.0088,0.0524,0,,0.3820778,0.0803,,0.4444,,0.10059799998998642,0.001374289975501597,0.23,0.0099999998,0.5054590106010437,0.010555599816143513,0.0996,0.8203,0.09976030141115189,,0.492
636,0.022602999582886696,,0.3965,0.0081,0.0491,0,,0.3820778,0.0777,,0.4472,,0.0965299978852272,0.0012634899467229843,0.22,0.0099999998,0.4866819977760315,0.009071430191397667,0.1116,0.8448,0.09571179747581482,,0.4727
637,0.02216929942369461,,0.3852,0.0079,0.046,0,,0.38789165,0.0753,,0.4472,,0.09301219880580902,0.0010867000091820955,0.22,,0.46855199337005615,0.007735719904303551,0.1253,0.8779,0.09236469864845276,,0.4586
638,0.021140700206160545,,0.3754,0.0074,0.0431,0,0.010772244,0.38789165,0.072,,0.4472,,0.08995670080184937,0.0008556870161555707,0.20999999,,0.451119989156723,0.006535859778523445,0.14,0.8988,0.08904899656772614,,0.4331
639,0.020392300561070442,,0.3637,0.0071,0.0404,0,0.010772244,0.39566007,0.0708,,0.4417,,0.08701889961957932,0.0007731830119155347,0.20999999,,0.4344500005245209,0.005482130218297243,0.1561,0.9197,0.08584760129451752,,0.4196
640,0.0190373994410038,,0.3525,0.0067,0.038,0,0.010762251,0.3995393,0.0679,,0.4417,,0.08410439640283585,0.0008898670203052461,0.2,,0.41881200671195984,0.0046555898152291775,0.1744,0.9442,0.08247529715299606,,0.4033
641,0.018860800191760063,,0.3447,0.0067,0.0357,0,0.010752258,0.4034185,0.0653,,0.4389,,0.08124220371246338,0.0010725599713623524,0.2,,0.404213011264801,0.004031110089272261,0.1937,0.9581,0.07965470105409622,,0.3887
642,0.017776500433683395,,0.3336,0.0062,0.0336,0,0.012690863,0.41702068,0.0633,,0.4333,,0.07832559943199158,0.0011279500322416425,0.19,,0.39049801230430603,0.003469429910182953,0.2149,0.9756,0.07742980122566223,,0.3699
643,0.017697900533676147,,0.3287,0.0063,0.0316,0,0.012690863,0.42090988,0.061,,0.4306,,0.07544220238924026,0.0011291300179436803,0.19,,0.3778179883956909,0.002970529953017831,0.2389,0.986,0.07502269744873047,,0.3613
644,0.017195099964737892,,0.32,0.0062,0.0296,0,0.01268087,0.43839127,0.0586,,0.4194,,0.07265330106019974,0.0011550600174814463,0.18000001,,0.3663640022277832,0.0025846599601209164,0.2655,1,0.07200189679861069,,0.3424
645,0.016375599429011345,,0.3116,0.0059,0.0279,0,0.012670877,0.4442151,0.0566,,0.4167,,0.06983889639377594,0.001192779978737235,0.18000001,,0.3560140132904053,0.0022170499432832003,0.2933,1,0.06990090012550354,,0.3285
646,0.01585550047457218,,0.3042,0.0058,0.0263,0,0.016558077,0.46559563,0.0548,,0.4083,,0.06699220091104507,0.0012764600105583668,0.17,,0.34641799330711365,0.0018814100185409188,0.3236,1,0.06741020083427429,,0.3159
647,0.015107099898159504,,0.3002,0.0058,0.0248,0,0.016548084,0.47141945,0.0541,,0.4,,0.06420329958200455,0.001389609999023378,0.17,,0.3372339904308319,0.001538919983431697,0.356,1,0.066115602850914,,0.3063
648,0.01488259993493557,,0.2937,0.0056,0.0234,0,0.024312494,0.48891082,0.0519,,0.3944,,0.061456698924303055,0.0014237900031730533,0.16,,0.32840201258659363,0.0013151599559932947,0.3912,0.9965,0.06456910073757172,,0.2969
649,0.013698499649763107,,0.2876,0.0056,0.022,0,0.024312494,0.49667922,0.0495,,0.3806,,0.05871329829096794,0.0013601400423794985,0.16,,0.32006001472473145,0.0011028200387954712,0.4274,0.9826,0.0621442012488842,,0.2868
650,0.013780999928712845,,0.2808,0.006,0.0208,,0.028189704,0.51028144,0.0482,,0.3667,,0.05614440143108368,0.0012576000299304724,0.15000001,,0.31244099140167236,0.0009407069883309305,0.4658,0.9686,0.06110439822077751,,0.2789
651,0.012973099946975708,,0.2768,,0.02,,0.03401551,0.5277728,,,0.3667,,0.05394219979643822,,0.15000001,,0.305633008480072,,0.5062,0.9442,0.05977620184421539,,0.2731
652,0.012723599560558796,,0.2715,,0.018,,0.03401551,0.5530326,,,0.3583,,0.052085600793361664,,0.14,,0.2995609939098358,,0.5485,0.9163,0.05743439868092537,,0.2631
653,0.012873300351202488,,0.2683,,0.017,,0.043728516,0.5841261,,,0.3389,,0.05045219883322716,,0.14,,0.29405999183654785,,0.5909,0.8745,0.05662890151143074,,0.2571
654,0.011952100321650505,,0.2611,,0.016,,0.043718524,0.5938391,,,0.3333,,0.04895000159740448,,0.13,,0.28894200921058655,,0.6338,0.8501,0.05467410013079643,,0.2526
655,0.011418599635362625,,0.2582,,0.015,,0.059267327,0.63271105,,,0.3194,,0.04736329987645149,,0.13,,0.28421899676322937,,0.6776,0.8239,0.05405370146036148,,0.2479
656,0.011483799666166306,,0.2549,,0.014,,0.06509313,0.65020245,,,0.3167,,0.04554330185055733,,0.12,,0.2800000011920929,,0.7187,0.7786,0.052010200917720795,,0.2444
657,0.011614300310611725,,0.2475,,0.013,,0.06897034,0.6638046,,,0.3083,,0.0436244010925293,,0.12,,0.27607598900794983,,0.7578,0.7402,0.050818100571632385,,0.243
658,0.011679599992930889,,0.2423,,0.012,,0.08645775,0.681296,,,0.2944,,0.04170110076665878,,0.11,,0.27222099900245667,,0.7965,0.6879,0.04973459988832474,,0.2372
659,0.010073300451040268,,0.2389,,0.011,,0.092293546,0.7123896,,,0.2889,,0.039861101657152176,,0.11,,0.2684980034828186,,0.8333,0.6531,0.048074398189783096,,0.2331
660,0.01018460001796484,,0.2359,,0.009,,0.11366816,0.73182553,,,0.2694,,0.03827439993619919,,0.1,,0.26487600803375244,,0.8668,0.5973,0.04745430126786232,,0.2302
661,0.010295899584889412,,0.2316,,0.008,,0.12144256,0.7668083,,,0.2667,,0.03695889934897423,,0.1,,0.2612139880657196,,0.8989,0.5624,0.046390000730752945,,0.2236
662,0.009280730038881302,,0.2266,,0.007,,0.15254018,0.8153932,,,0.2611,,0.03588559851050377,,0.1,,0.25756099820137024,,0.9274,0.5275,0.04391369968652725,,0.2239
663,0.008658939972519875,,0.2233,,0.006,,0.16614038,0.83677375,,,0.25,,0.034947801381349564,,0.090000004,,0.2539919912815094,,0.9502,0.4717,0.04402700066566467,,0.2222
664,0.008751059882342815,,0.2186,,0.005,,0.1797406,0.85037595,,,0.2361,,0.03392999991774559,,0.090000004,,0.2505129873752594,,0.9695,0.4316,0.04159349948167801,,0.2175
665,0.008843169547617435,,0.2144,,0.004,,0.21473539,0.8931371,,,0.2333,,0.03285999968647957,,0.079999998,,0.24699999392032623,,0.9843,0.3828,0.04095960035920143,,0.2138
666,0.008562980219721794,,0.2107,,0.003,,0.2283356,0.90673923,,,0.225,,0.03194329887628555,,0.079999998,,0.24330399930477142,,0.9939,0.3584,0.0398763008415699,,0.2157
667,0.008651260286569595,,0.2043,,0.002,,0.27304342,0.9242207,,,0.2139,,0.03121110051870346,,0.079999998,,0.23938299715518951,,0.9993,0.3131,0.03831230103969574,,0.2173
668,0.007979580201208591,,0.2017,,0.001,,0.28859222,0.9553142,,,0.2111,,0.030577799305319786,,0.07,,0.23523400723934174,,1,0.2887,0.03805140033364296,,0.2146
669,0.007292550057172775,,0.1956,,0.0005,,0.33912584,0.96892637,,,0.1972,,0.02995220012962818,,0.07,,0.23098599910736084,,0.9949,0.2643,0.03641130030155182,,0.2137
670,0.007365469820797443,,0.1928,,0,,0.36051044,0.9864078,,,0.1944,,0.029179999604821205,,0.07,,0.2268970012664795,,0.9845,0.2294,0.035033099353313446,,0.2083
671,0.007438399828970432,,0.1857,,,,0.38772085,0.9941762,,,0.1917,,0.028130000457167625,,0.059999999,,0.2228579968214035,,0.9692,0.2085,0.03422610089182854,,0.2069
672,0.007150529883801937,,0.1835,,,,0.45770046,1,,,0.1833,,0.026847800239920616,,0.059999999,,0.21873800456523895,,0.9496,0.1771,0.03214609995484352,,0.2044
673,0.007219620048999786,,0.1782,,,,0.47908506,1,,,0.1805,,0.025501100346446037,,0.059999999,,0.21460899710655212,,0.9256,0.1562,0.03222990036010742,,0.2015
674,0.0068837800063192844,,0.1735,,,,0.5490547,0.99999005,,,0.1722,,0.024140000343322754,,0.050000001,,0.2102539986371994,,0.8983,0.1318,0.02974729984998703,,0.2005
675,,,0.1694,,,,0.5685007,0.99999005,,,0.1667,,0.022627800703048706,,0.050000001,,0.2055409997701645,,0.8685,0.1178,,,0.1951
676,,,0.1637,,,,0.6384803,0.9863679,,,0.1667,,0.021085599437355995,,0.050000001,,0.20074400305747986,,0.8365,0.1074,,,0.1958
677,,,0.1608,,,,0.6598549,0.97858953,,,0.1583,,0.01981779932975769,,0.050000001,,0.1960510015487671,,0.8022,0.0899,,,0.1933
678,,,0.1571,,,,0.7356703,0.9688665,,,0.15,,0.01874000020325184,,0.050000001,,0.19146600365638733,,0.7664,0.0795,,,0.1875
679,,,0.1502,,,,0.7667679,0.947476,,,0.15,,0.017624400556087494,,0.039999999,,0.18699899315834045,,0.7291,0.0656,,,0.1837
680,,,0.1478,,,,0.7881525,0.9299747,,,0.1417,,0.016531100496649742,,0.039999999,,0.18260900676250458,,0.6894,0.0586,,,0.1784
681,,,0.1429,,,,0.81342435,0.89691657,,,0.1417,,0.015538900159299374,,0.039999999,,0.17820599675178528,,0.6482,0.0481,,,0.1783
682,,,0.1395,,,,0.8367475,0.885249,,,0.1389,,0.014598900452256203,,0.039999999,,0.17363999783992767,,0.6054,0.0446,,,0.1706
683,,,0.1344,,,,0.87950677,0.8444225,,,0.1305,,0.013778899796307087,,0.039999999,,0.168846994638443,,0.5617,0.0342,,,0.1656
684,,,0.1283,,,,0.912543,0.82692116,,,0.1305,,0.013162200339138508,,0.029999999,,0.16397599875926971,,0.517,0.0307,,,0.1623
685,,,0.1246,,,,0.9475378,0.7666487,,,0.125,,0.012601099908351898,,0.029999999,,0.15913300216197968,,0.4722,0.029,,,0.1567
686,,,0.1213,,,,0.95918936,0.74720275,,,0.125,,0.011938899755477905,,0.029999999,,0.15431199967861176,,0.4297,0.0255,,,0.1539
687,,,0.1174,,,,0.9727996,0.71804386,,,0.125,,0.011226699687540531,,0.029999999,,0.1495559960603714,,0.3891,0.022,,,0.1473
688,,,0.1143,,,,0.9941742,0.67332816,,,0.1222,,0.010587800294160843,,0.029999999,,0.14486099779605865,,0.3508,0.0185,,,0.1455
689,,,0.109,,,,0.9961128,0.60138816,,,0.1167,,0.010042199864983559,,0.029999999,,0.14025400578975677,,0.3172,0.015,,,0.1381
690,,,0.1066,,,,1,0.5663954,,,0.1139,,0.009664439596235752,,0.02,,0.1359570026397705,,0.2878,0.015,,,0.1385
691,,,0.1015,,,,0.99999,0.5450049,,,0.1139,,0.00946556031703949,,0.02,,0.1320589929819107,,0.2615,0.0116,,,0.1283
692,,,0.1002,,,,0.99999,0.47890863,,,0.1111,,0.009138889610767365,,0.02,,0.12843100726604462,,0.239,0.0116,,,0.1283
693,,,0.0966,,,,0.99998003,0.4575181,,,0.1111,,0.008537779562175274,,0.02,,0.12495899945497513,,0.2205,0.0116,,,0.1237
694,,,0.0934,,,,0.99997,0.38753265,,,0.1083,,0.007836669683456421,,0.02,,0.12153399735689163,,0.2041,0.0116,,,0.1184
695,,,0.0901,,,,0.99413425,0.36030835,,,0.1083,,0.007115560118108988,,0.02,,0.11797399818897247,,0.1908,,,,0.1169
696,,,0.0863,,,,0.9863498,0.32142642,,,0.1083,,0.006474439986050129,,0.02,,0.1143139973282814,,0.1789,,,,0.1137
697,,,0.0828,,,,0.9649552,0.29809132,,,0.1028,,0.006180000025779009,,0.02,,0.11079800128936768,,0.1683,,,,0.1034
698,,,0.081,,,,0.95911944,0.2630886,,,0.1,,0.0062844399362802505,,0.02,,0.10751699656248093,,0.1589,,,,0.1042
699,,,0.0773,,,,0.92411464,0.24170806,,,0.0972,,0.006533329840749502,,0.02,,0.10439399629831314,,0.1507,,,,0.1007
700,,,0.0754,,,,0.91244304,0.22808592,,,0.0972,,,,0.02,,0.10134200006723404,,0.1423,,,,0.0962
701,,,0.0743,,,,0.89688426,0.1930932,,,0.0944,,,,,,0.09830330312252045,,0.135,,,,0.0938
702,,,0.0694,,,,0.8618894,0.18337023,,,0.0944,,,,,,0.09525779634714127,,0.1285,,,,0.09
703,,,0.0661,,,,0.84438205,0.15225673,,,0.0889,,,,,,0.09224999696016312,,0.1219,,,,0.0889
704,,,0.0658,,,,0.795777,0.14253376,,,0.0861,,,,,,0.08941890299320221,,0.1157,,,,0.0792
705,,,0.0628,,,,0.7607722,0.12503241,,,0.0861,,,,,,0.08676440268754959,,0.1102,,,,0.0762
706,,,0.0625,,,,0.7393777,0.11335487,,,0.0861,,,,,,0.08417440205812454,,0.1046,,,,0.0775
707,,,0.0591,,,,0.72576743,0.10752109,,,0.0833,,,,,,0.08163219690322876,,0.0993,,,,0.0764
708,,,0.0587,,,,0.68104964,0.09196434,,,0.0805,,,,,,0.07917559891939163,,0.0944,,,,0.0702
709,,,0.0543,,,,0.66742945,0.08613056,,,0.0805,,,,,,0.07689110189676285,,0.0895,,,,0.0683
710,,,0.0549,,,,0.64603484,0.072508425,,,0.075,,,,,,0.07488559931516647,,0.0852,,,,0.0657
711,,,0.0535,,,,0.5974299,0.06473005,,,0.075,,,,,,0.07310560345649719,,0.0815,,,,0.0588
712,,,0.0508,,,,0.5624251,0.060840864,,,0.0722,,,,,,0.07140219956636429,,0.0778,,,,0.0628
713,,,0.0504,,,,0.5410404,0.05499711,,,0.0694,,,,,,0.06966669857501984,,0.0743,,,,0.0587
714,,,0.0466,,,,0.5274203,0.05110792,,,0.0694,,,,,,0.06787890195846558,,0.0712,,,,0.0582
715,,,0.0471,,,,0.49241546,0.04331957,,,0.0667,,,,,,0.06611000001430511,,0.0682,,,,0.0549
716,,,0.0455,,,,0.47880527,0.041374978,,,0.0667,,,,,,0.06445220112800598,,0.0651,,,,0.0556
717,,,0.0437,,,,0.44768766,0.03358663,,,0.0667,,,,,,0.06287670135498047,,0.0624,,,,0.053
718,,,0.0442,,,,0.43991327,0.03358663,,,0.0611,,,,,,0.06132889911532402,,0.0599,,,,0.0495
719,,,0.0424,,,,0.40490848,0.02968747,,,0.0583,,,,,,0.05979890003800392,,0.0577,,,,0.0485
720,,,0.0418,,,,0.39518547,0.027732903,,,0.0583,,,,,,0.058284398168325424,,0.0552,,,,0.0432
721,,,0.0399,,,,0.37379086,0.027732903,,,0.0583,,,,,,0.056746698915958405,,0.0502,,,,0.0464
722,,,0.0404,,,,0.36405787,0.023833742,,,0.0556,,,,,,0.05516890063881874,,0.0478,,,,0.0431
723,,,0.0408,,,,0.3562835,0.023833742,,,0.0556,,,,,,0.05365559831261635,,0.042,,,,0.0447
724,,,0.0365,,,,0.3368275,0.02382377,,,0.0528,,,,,,0.05233670026063919,,0.0396,,,,0.0426
725,,,0.0357,,,,0.32905307,0.023813797,,,0.0528,,,,,,0.051187798380851746,,0.0353,,,,0.0419
726,,,0.0361,,,,0.3076585,0.01992461,,,0.0472,,,,,,0.05020330101251602,,0.0332,,,,0.0395
727,,,0.0327,,,,0.2979255,0.016025448,,,0.0472,,,,,,0.04938330128788948,,0.029,,,,0.0364
728,,,0.0306,,,,0.2882025,0.016025448,,,0.0472,,,,,,0.04856890067458153,,0.0277,,,,0.0375
729,,,0.0309,,,,0.2804181,0.016015477,,,0.0444,,,,,,0.04766330122947693,,0.0251,,,,0.0344
730,,,0.0313,,,,0.2726337,0.016005505,,,0.0444,,,,,,0.04678000137209892,,0.0213,,,,0.0353
731,,,0.0317,,,,0.2629107,0.012116317,,,0.0444,,,,,,0.04598439857363701,,0.02,,,,0.037
732,,,0.0307,,,,0.2590135,0.012106344,,,0.0417,,,,,,0.045211099088191986,,0.0155,,,,0.0332
733,,,0.0284,,,,0.24929051,0.012106344,,,0.0389,,,,,,0.04443670064210892,,0.0099,,,,0.0361
734,,,0.026,,,,0.24150611,0.012096372,,,0.0389,,,,,,0.043645601719617844,,0,,,,0.0315
735,,,0.0264,,,,0.23566031,0.0120864,,,0.0389,,,,,,0.04280110076069832,,,,,,0.0344
736,,,0.0267,,,,0.23177312,0.0120864,,,0.0333,,,,,,0.041955601423978806,,,,,,0.031
737,,,0.027,,,,0.23176312,0.012076428,,,0.0333,,,,,,0.041205599904060364,,,,,,0.0314
738,,,0.0273,,,,0.22204013,0.012066455,,,0.0333,,,,,,0.040594398975372314,,,,,,0.0278
739,,,0.0276,,,,0.22203013,0.012066455,,,0.0333,,,,,,0.04005670174956322,,,,,,0.0308
740,,,0.0266,,,,0.21813294,0.010111889,,,0.0306,,,,,,0.03947560116648674,,,,,,0.0292
741,,,0.0209,,,,0.21424574,0.012046511,,,0.0306,,,,,,0.03878670185804367,,,,,,0.0274
742,,,0.0227,,,,0.21423575,0.012046511,,,0.0306,,,,,,0.03799109905958176,,,,,,0.0313
743,,,0.0214,,,,0.21033856,0.012036538,,,0.0306,,,,,,0.03713560104370117,,,,,,0.0281
744,,,0.0217,,,,0.20644136,0.012036538,,,0.0278,,,,,,0.03628329932689667,,,,,,0.0278
745,,,0.0219,,,,0.20644136,0.012026566,,,0.0278,,,,,,0.03550440073013306,,,,,,0.0259
746,,,0.019,,,,0.20643137,0.012016594,,,0.0278,,,,,,0.034782201051712036,,,,,,0.0269
747,,,0.0159,,,,0.20448276,0.012006622,,,0.0278,,,,,,0.034052200615406036,,,,,,0.0263
748,,,0.0159,,,,0.20447278,0.012006622,,,0.0278,,,,,,0.033304400742053986,,,,,,0.0234
749,,,0.0144,,,,0.20447278,,,,,,,,,,0.03256219998002052,,,,,,0.0272
750,,,,,,,0.20057559
751,,,,,,,0.20056559
752,,,,,,,0.1966684
753,,,,,,,0.1966684
754,,,,,,,0.1966584
755,,,,,,,0.1966584
756,,,,,,,0.19276121
757,,,,,,,0.19080262
758,,,,,,,0.19080262
759,,,,,,,0.18690543
760,,,,,,,0.18690543
761,,,,,,,0.18300822
762,,,,,,,0.18299824
763,,,,,,,0.17910105
764,,,,,,,0.17520384
765,,,,,,,0.17325526
766,,,,,,,0.16936806
767,,,,,,,0.16935806
768,,,,,,,0.16157366
769,,,,,,,0.16157366
770,,,,,,,0.15572788
771,,,,,,,0.15183067
772,,,,,,,0.14794348
773,,,,,,,0.14404629
774,,,,,,,0.1420977
775,,,,,,,0.1382005
776,,,,,,,0.1381905
777,,,,,,,0.13040611
778,,,,,,,0.1265189
779,,,,,,,0.12456032
780,,,,,,,0.12067312
781,,,,,,,0.11677592
782,,,,,,,0.10899153
783,,,,,,,0.10899153
784,,,,,,,0.10314574
785,,,,,,,0.09924854
786,,,,,,,0.09536134
787,,,,,,,0.09146415
788,,,,,,,0.08951555
789,,,,,,,0.085618354
790,,,,,,,0.08560836
791,,,,,,,0.081721164
792,,,,,,,0.07782397
793,,,,,,,0.07587537
794,,,,,,,0.071978174
795,,,,,,,0.07196818
796,,,,,,,0.068070985
797,,,,,,,0.06418379
798,,,,,,,0.064173795