Wavelength,FAM EM,FAM EX,ROX (carboxy-X-rhodamine) EM,ROX (carboxy-X-rhodamine) EX,Cy3 EM,Cy3 EX,Cy5.5 EM,Cy5.5 EX,JOE EM,JOE EX,Cy3.5 EM,Cy3.5 EX,CAL560 EM,CAL560 EX,CAL590 EM,CAL590 EX,CAL610 EM,CAL610 EX,Cy5 EM,Cy5 EX,HEX EM,HEX EX,TexasRed EM,TexasRed EX
250,,,,0.2281,,,,,,0.4931,,,,,,,,,,,,,,
251,,,,0.225,,,,,,0.4814,,,,,,,,,,,,,,
252,,,,0.2234,,,,,,0.4646,,,,,,,,,,,,,,
253,,,,0.2242,,,,,,0.4345,,,,,,,,,,,,,,
254,,,,0.227,,,,,,0.4101,,,,,,,,,,,,,,
255,,,,0.2321,,,,,,0.3847,,,,,,,,,,,,,,
256,,,,0.2386,,,,,,0.3512,,,,,,,,,,,,,,
257,,,,0.2472,,,,,,0.3283,,,,,,,,,,,,,,
258,,,,0.2556,,,,,,0.3075,,,,,,,,,,,,,,
259,,,,0.2652,,,,,,0.2831,,,,,,,,,,,,,,
260,,,,0.2757,,,,,,0.268,,,,,,,,,,,,,,
261,,,,0.2857,,,,,,0.255,,,,,,,,,,,,,,
262,,,,0.2961,,,,,,0.2398,,,,,,,,,,,,,,
263,,,,0.3058,,,,,,0.2307,,,,,,,,,,,,,,
264,,,,0.3147,,,,,,0.223,,,,,,,,,,,,,,
265,,,,0.3221,,,,,,0.2142,,,,,,,,,,,,,,
266,,,,0.3278,,,,,,0.2091,,,,,,,,,,,,,,
267,,,,0.331,,,,,,0.2045,,,,,,,,,,,,,,
268,,,,0.3303,,,,,,0.1991,,,,,,,,,,,,,,
269,,,,0.3258,,,,,,0.1959,,,,,,,,,,,,,,
270,,,,0.317,,,,,,0.1938,,,,,,,,,,,,,,
271,,,,0.3057,,,,,,0.1915,,,,,,,,,,,,,,
272,,,,0.2928,,,,,,0.1904,,,,,,,,,,,,,,
273,,,,0.278,,,,,,0.1901,,,,,,,,,,,,,,
274,,,,0.2632,,,,,,0.1901,,,,,,,,,,,,,,
275,,,,0.2498,,,,,,0.1904,,,,,,,,,,,,,,
276,,,,0.2366,,,,,,0.1911,,,,,,,,,,,,,,
277,,,,0.2249,,,,,,0.1924,,,,,,,,,,,,,,
278,,,,0.2151,,,,,,0.1936,,,,,,,,,,,,,,
279,,,,0.2066,,,,,,0.1948,,,,,,,,,,,,,,
280,,,,0.1987,,,,,,0.1966,,,,,,,,,,,,,,
281,,,,0.1921,,,,,,0.1985,,,,,,,,,,,,,,
282,,,,0.1861,,,,,,0.2001,,,,,,,,,,,,,,
283,,,,0.1816,,,,,,0.202,,,,,,,,,,,,,,
284,,,,0.1777,,,,,,0.2033,,,,,,,,,,,,,,
285,,,,0.1738,,,,,,0.204,,,,,,,,,,,,,,
286,,,,0.1706,,,,,,0.2038,,,,,,,,,,,,,,
287,,,,0.17,,,,,,0.2027,,,,,,,,,,,,,,
288,,,,0.1678,,,,,,0.2006,,,,,,,,,,,,,,
289,,,,0.1672,,,,,,0.1964,,,,,,,,,,,,,,
290,,,,0.168,,,,,,0.1925,,,,,,,,,,,,,,
291,,,,0.1694,,,,,,0.1876,,,,,,,,,,,,,,
292,,,,0.1712,,,,,,0.1794,,,,,,,,,,,,,,
293,,,,0.1743,,,,,,0.1725,,,,,,,,,,,,,,
294,,,,0.1776,,,,,,0.1649,,,,,,,,,,,,,,
295,,,,0.1813,,,,,,0.1535,,,,,,,,,,,,,,
296,,,,0.185,,,,,,0.1445,,,,,,,,,,,,,,
297,,,,0.1886,,,,,,0.1357,,,,,,,,,,,,,,
298,,,,0.1922,,,,,,0.1233,,,,,,,,,,,,,,
299,,,,0.1949,,,,,,0.1143,,,,,,,,,,,,,,
300,,0.092488803,,0.1969,,,,,,0.1059,,,,,,,,,,,,0.150251999,,
301,,0.089265697,,0.1979,,,,,,0.0951,,,,,,,,,,,,0.147851005,,
302,,0.086182699,,0.1988,,,,,,0.0879,,,,0.190672994,,0.14,,0.125238001,,,,0.143803999,,
303,,0.084361002,,0.1981,,,,,,0.0816,,,,0.182007998,,0.14,,0.122470997,,,,0.138025999,,
304,,0.083239898,,0.1969,,,,,,0.0737,,,,0.173416004,,0.14,,0.120313004,,,,0.131047994,,
305,,0.082539201,,0.1965,,,,,,0.0689,,,,0.164667994,,0.14,,0.118577003,,,,0.123217002,,
306,,0.082258999,,0.1938,,,,,,0.0649,,,,0.155886993,,0.14,,0.117192999,,,,0.114831001,,
307,,0.082679398,,0.192,,,,,,0.0598,,,,0.147018999,,0.14,,0.116100997,,,,0.106973998,,
308,,0.083520196,,0.1909,,,,,,0.0566,,,,0.138159007,,0.14,,0.115318,,,,0.098835997,,
309,,0.084501103,,0.1898,,,,,,0.054,,,,0.129494995,,0.14,,0.114924997,,,,0.091287203,,
310,,0.086462997,,0.1884,,,,,,0.0513,,,,0.121100001,,0.13,,0.114770003,,,,0.0844208,,
311,,0.089125603,,0.188,,,,,,0.0499,,,,0.113050997,,0.13,,0.114771999,,,,0.078363799,,
312,,0.091647997,,0.1865,,,,,,0.0482,,,,0.105502002,,0.13,,0.114956997,,,,0.072781302,,
313,,0.094730899,,0.1852,,,,,,0.0466,,,,0.098557197,,0.13,,0.115301996,,,,0.0676594,,
314,,0.099215202,,0.1841,,,,,,0.0459,,,,0.092277497,,0.12,,0.115618996,,,,0.063067801,,
315,,0.102999002,,0.1805,,,,,,0.0452,,,,0.086625896,,0.12,,0.115709998,,,,0.059202,,
316,,0.106642,,0.1767,,,,,,0.0447,,,,0.081654496,,0.11,,0.115566999,,,,0.055866499,,
317,,0.111686997,,0.1726,,,,,,0.0443,,,,0.077324197,,0.11,,0.114992,,,,0.052544899,,
318,,0.115050003,,0.1662,,,,,,0.0438,,,,0.073646799,,0.1,,0.113884002,,,,0.050311901,,
319,,0.117853001,,0.1589,,,,,,0.0434,,,,0.070510499,,0.090000004,,0.112179004,,,,0.048386,,
320,,0.121357001,,0.1519,,,,,,0.0436,,,,0.067886896,,0.079999998,,0.109842002,,,,0.046990398,,
321,,0.122897997,,0.144,,,,,,0.0438,,,,0.065746501,,0.079999998,,0.106845997,,,,0.045999501,,
322,,0.123457998,,0.135,,,,,,0.0443,,,,0.064083397,,0.07,,0.103132002,,,,0.045566801,,
323,,0.122897997,,0.1272,,,,,,0.0448,,,,0.062843502,,0.059999999,,0.098831303,,,,0.045287699,,
324,,0.121496998,,0.1194,,,,,,0.0454,,,,0.062022001,,0.059999999,,0.094108403,,,,0.044855099,,
325,,0.119534999,,0.1108,,,,,,0.0466,,,,0.061571799,,0.050000001,,0.089025803,,,,0.044785298,,
326,,0.116311997,,0.1041,,,,,,0.0478,,,,0.061466899,,0.039999999,,0.083650999,,,,0.044896901,,
327,,0.113649003,,0.0967,,,,,,0.0485,,,,0.061649501,,0.039999999,,0.078219101,,,,0.0447434,,
328,,0.110146001,,0.0905,,,,,,0.0501,,,,0.0621894,,0.039999999,,0.072820298,,,,0.0443247,,
329,,0.104539998,,0.0848,,,,,,0.0519,,,,0.063032098,,0.029999999,,0.067539103,,,,0.044645701,,
330,,0.100195996,,0.0802,,,,,,0.0529,,,,0.064048097,,0.029999999,,0.0624725,,,,0.0447434,,
331,,0.096132301,,0.0767,,,,,,0.0543,,,,0.065283298,,0.029999999,,0.057724498,,,,0.0450923,,
332,,0.089546002,,0.0736,,,,,,0.0556,,,,0.0667224,,0.029999999,,0.053347401,,,,0.045580801,,
333,,0.084781401,,0.0692,,,,,,0.0566,,,,0.068253398,,0.029999999,,0.049317501,,,,0.046069302,,
334,,0.0801569,,0.067,,,,,,0.0584,,,,0.069786802,,0.029999999,,0.045618601,,,,0.0471997,,
335,,0.0732904,,0.065,,,,,,0.0589,,,,0.071359098,,0.029999999,,0.042327199,,,,0.047911499,,
336,,0.068806097,,0.0623,,,,,,0.0598,,,,0.072977401,,0.029999999,,0.039324701,,,,0.049265198,,
337,,0.063901298,,0.0601,,,,,,0.0612,,,,0.074542597,,0.029999999,,0.036647599,,,,0.050716698,,
338,,0.057314999,,0.0589,,,,,,0.0622,,,,0.076154999,,0.029999999,,0.0342342,,,,0.052265801,,
339,,0.053251099,,0.0571,,,,,,0.0626,,,,0.077860497,,0.029999999,,0.032111902,,,,0.053354401,,
340,,0.049327299,,0.0559,,,,,,0.0633,,,,0.079600103,,0.029999999,,0.030235101,,,,0.054289401,,
341,,0.043722,,0.0553,,,,,,0.0647,,,,0.081395201,,0.029999999,,0.028587701,,,,0.054931398,,
342,,0.0403587,,0.0558,,,,,,0.0665,,,,0.083388202,,0.029999999,,0.0271526,,,,0.0548058,,
343,,0.037275799,,0.0555,,,,,,0.0693,,,,0.085602902,,0.029999999,,0.025998401,,,,0.0538847,,
344,,0.033351999,,0.056,,,,,,0.0714,,,,0.088067397,,0.029999999,,0.0251354,,,,0.052265801,,
345,,0.030829599,,0.0566,,,,,,0.0737,,,,0.090788901,,0.039999999,,0.0243853,,,,0.0499072,,
346,,0.0284473,,0.0577,,,,,,0.0767,,,,0.0936777,,0.039999999,,0.0239195,,,,0.047060098,,
347,,0.0255045,,0.0585,,,,,,0.0797,,,,0.096531197,,0.039999999,,0.0236181,,,,0.043668799,,
348,,0.0235426,,0.06,,,,,,0.0816,,,,0.099319801,,0.039999999,,0.023571299,,,,0.0399983,,
349,,0.022001101,,0.0614,,,,,,0.0828,,,,0.102020003,,0.039999999,,0.0236958,,,,0.036397599,,
350,,0.020319499,,0.063,,,,,,0.0837,,,,0.104263,,0.050000001,,0.0239412,,,,0.0326434,,
351,,0.0193386,,0.0638,,,,,,0.0842,,,,0.105857998,,0.050000001,,0.0243511,,,,0.0290986,,
352,,0.0182175,,0.0648,,,,,,0.083,,,,0.106834002,,0.050000001,,0.024787201,,,,0.026042201,,
353,,0.0173767,,0.0665,,,,,,0.0819,,,,0.107167996,,0.050000001,,0.0252918,,,,0.022985799,,
354,,0.0169563,,0.0674,,,,,,0.0797,,,,0.106835,,0.050000001,,0.025926501,,,,0.0205993,,
355,,0.0162556,,0.0684,,,,,,0.0758,,,,0.105894998,,0.050000001,,0.026479101,,,,0.018296501,,
356,,0.0155549,,0.07,,,,,,0.0726,,,,0.104252003,,0.059999999,,0.027071601,,,,0.016175199,,
357,,0.0154148,,0.0713,,,,,,0.0686,,,,0.101928003,,0.059999999,,0.027736001,,,,0.0144865,,
358,,0.0152747,,0.0733,,,,,,0.0626,,,,0.0989144,,0.059999999,,0.028456399,,,,0.0130337,,
359,,0.0151345,,0.0755,,,,,,0.0589,,,,0.095594198,,0.059999999,,0.029493,,,,0.0121837,,
360,,0.0152747,,0.0776,,,,,,0.0547,,,,0.092051201,,0.059999999,,0.030848101,,,,0.011151,,
361,,0.0151345,,0.0802,,,,,,0.0487,,,,0.088233598,,0.059999999,,0.032430399,,,,0.0102857,,
362,,0.0151345,,0.0835,,,,,,0.0443,,,,0.084148496,,0.050000001,,0.034064099,,,,0.00992282,,
363,,0.0155549,,0.0861,,,,,,0.0403,,,,0.0797804,,0.050000001,,0.035571098,,,,0.00953205,,
364,,0.0159753,,0.0891,,,,,,0.0353,,,,0.0753747,,0.050000001,,0.037002701,,,,0.00902963,,
365,,0.0162556,,0.0928,,,,,,0.0322,,,,0.071135201,,0.050000001,,0.038642,,,,0.00887611,,
366,,0.016535901,,0.095,,,,,,0.0292,,,,0.067114897,,0.050000001,,0.0403203,,,,0.00870864,,
367,,0.016395699,,0.0975,,,,,,0.0255,,,,0.063383304,,0.039999999,,0.042174298,,,,0.00895985,,
368,,0.016675999,,0.0993,,,,,,0.0234,,,,0.059799101,,0.039999999,,0.0437828,,,,0.00895985,,
369,,0.017236499,,0.1004,,,,,,0.0218,,,,0.056494199,,0.039999999,,0.044997498,,,,0.0089738,,
370,,0.017516799,,0.1004,,,,,,0.02,,,,0.053566501,,0.029999999,,0.045990799,,,,0.00898776,,
371,,0.017797099,,0.1002,,,,,,0.0186,,,,0.050928701,,0.029999999,,0.0468002,,,,0.00935062,,
372,,0.0179372,,0.0987,,,,,,0.0176,,,,0.0485726,,0.029999999,,0.047553599,,,,0.00943436,,
373,,0.0180774,,0.0964,,,,,,0.0165,,,,0.0464723,,0.029999999,,0.0482786,,,,0.00961579,,
374,,0.0182175,,0.0937,,,,,,0.0164,,,,0.044531099,,0.029999999,,0.048530899,,,,0.00981117,,
375,,0.0184978,,0.0905,,,,,,0.016,,,,0.042683002,,0.02,,0.048244301,,,,0.0102578,,
376,,0.018778,,0.0868,,,,,,0.0156,,,,0.041085899,,0.02,,0.047423501,,,,0.0103834,,
377,,0.018778,,0.0829,,,,,,0.0156,,,,0.0397989,,0.02,,0.046200801,,,,0.0108021,,
378,,0.019198401,,0.0787,,,,,,0.0155,,,,0.038644999,,0.02,,0.044760101,,,,0.0110533,,
379,,0.0196188,,0.0746,,,,,,0.0153,,,,0.037613701,,0.02,,0.0429997,,,,0.0111231,,
380,,0.0196188,,0.0714,,,,,,0.0151,,,,0.036800399,,0.02,,0.041049801,,,,0.0116255,,
381,,0.019758999,,0.0673,,,,,,0.0153,,,,0.0360885,,0.02,,0.038928598,,,,0.0118627,,
382,,0.019758999,,0.0634,,,,,,0.0155,,,,0.035482701,,0.02,,0.036669299,,,,0.0125466,,
383,,0.019758999,,0.0608,,,,,,0.0156,,,,0.035062,,0.02,,0.034437399,,,,0.0130071,,
384,,0.0201794,,0.0564,,,,,,0.016,,,,0.034846298,,0.02,,0.032368802,,,,0.0129374,,
385,,0.0204596,,0.0545,,,,,,0.0164,,,,0.034654099,,0.02,,0.0303641,,,,0.0137608,,
386,,0.0201794,,0.0521,,,,,,0.0165,,,,0.034508001,,0.02,,0.028395901,,,,0.0139003,,
387,,0.0198991,,0.05,,,,,,0.0165,,,,0.034432601,,0.02,,0.026617199,,,,0.0142074,,
388,,0.019758999,,0.0485,,,,,,0.0167,,,,0.034347702,,0.02,,0.025061199,,,,0.0144725,,
389,,0.0193386,,0.0471,,,,,,0.0167,,,,0.034280501,,0.02,,0.0233978,,,,0.0150168,,
390,,0.0193386,,0.0458,,,,,,0.0165,,,,0.034458499,,0.02,,0.0220815,,,,0.0155192,,
391,,0.0193386,,0.0447,,,,,,0.0169,,,,0.034554001,,0.02,,0.0209581,,,,0.015770501,,
392,,0.0190583,,0.0439,,,,,,0.0169,,,,0.034596398,,0.02,,0.020053999,,,,0.0160356,,
393,,0.018918199,,0.0432,,,,,,0.0169,,,,0.034542199,,0.02,,0.019149801,,,,0.0164124,,
394,,0.0184978,,0.0427,,,,,,0.0167,,,,0.034379501,,0.02,,0.0183015,,,,0.016635699,,
395,,0.018357599,,0.0424,,,,,,0.0171,,,,0.034225099,,0.02,,0.0177147,,,,0.0171382,,
396,,0.0182175,,0.0419,,,,,,0.0171,,,,0.0341391,,0.02,,0.0171862,,,,0.017319599,,
397,,0.0184978,,0.0418,,,,,,0.0167,,,,0.033956401,,0.02,,0.0168186,,,,0.017808,,
398,,0.018637899,,0.0412,,,,,,0.0169,,,,0.033794899,,0.02,,0.016744399,,,,0.0182686,,
399,,0.018637899,,0.0415,,,,,,0.0169,,,,0.033473201,,0.02,,0.016581099,,,,0.018575599,,
400,,0.0190583,,0.0415,,0.0019,,,,0.0169,,,,0.0330736,,0.02,,0.0164178,,,,0.018966399,0,0.022
401,,0.0190583,,0.0412,,0.002,,,,0.0169,,,,0.032667,,0.02,,0.0163939,,,,0.0191758,0,0.0064
402,,0.0193386,,0.0411,,0.0019,,,,0.0169,,,,0.032352298,,0.029999999,,0.0163288,,,,0.019566501,0,0.0057
403,,0.0196188,,0.0412,,0.0019,,,,0.0174,,,,0.0321366,,0.029999999,,0.0164041,,,,0.0201666,0,0.0064
404,,0.0201794,,0.0413,,0.0022,,,,0.0174,,,,0.031786501,,0.029999999,,0.016602799,,,,0.020278299,0,0.0051
405,,0.0207399,,0.0418,,0.0021,,,,0.0172,,,,0.0312526,,0.029999999,,0.0167078,,,,0.020501601,0,0.0063
406,,0.020880001,,0.0423,,0.0025,,,,0.0174,,,,0.030912001,,0.029999999,,0.0167649,,,,0.021031899,0,0.0043
407,,0.0213004,,0.0426,,0.0021,,,,0.0174,,,,0.0305843,,0.029999999,,0.016945301,,,,0.021157499,0,0.0055
408,,0.021861,,0.0427,,0.002,,,,0.0174,,,,0.030156501,,0.029999999,,0.0171827,,,,0.0216181,0,0.0049
409,,0.022281401,,0.0435,,0.0024,,,,0.0178,,,,0.029846501,,0.029999999,,0.0174396,,,,0.021883201,0,0.0036
410,,0.022841901,,0.0438,,0.0024,,,,0.0181,,,,0.029599,,0.029999999,,0.017604001,,,,0.0220368,0,0.0036
411,,0.0236827,,0.0443,,0.003,,,,0.0181,,,,0.0293267,,0.029999999,,0.018012701,,,,0.0221205,0,0.0018
412,,0.024243301,,0.0446,,0.0024,,,,0.0185,,,,0.028942499,,0.029999999,,0.018438499,,,,0.0223577,0,0.0018
413,,0.025364401,,0.0454,,0.0027,,,,0.0188,,,,0.028598299,,0.029999999,,0.0188176,,,,0.022427499,0,0.0035
414,,0.0264854,,0.0456,,0.0027,,,,0.019,,,,0.028342601,,0.029999999,,0.019259401,,,,0.022595,0,0.0018
415,,0.0274664,,0.0463,,0.0031,,,,0.0193,,,,0.0280903,,0.02,,0.0198188,,,,0.0227904,0,0.0012
416,,0.0290078,,0.0463,,0.0031,,,,0.0197,,,,0.027806301,,0.02,,0.0201727,,,,0.0227206,0,0.0006
417,,0.0304092,,0.0468,,0.0031,,,,0.02,,,,0.027518701,,0.02,,0.020496899,,,,0.0227904,0,0.0005
418,,0.031950701,,0.0471,,0.0033,,,,0.0204,,,,0.0272299,,0.02,,0.0209364,,,,0.0227485,0,0.0011
419,,0.0340527,,0.0473,,0.0035,,,,0.0209,,,,0.026985999,,0.02,,0.0213075,,,,0.0228462,0,0.0022
420,,0.0357343,,0.0472,,0.0037,,,,0.0211,,,,0.026812701,,0.02,,0.0217299,,,,0.022692701,0,0.0033
421,,0.037556101,,0.0472,,0.0037,,,,0.0211,,,,0.026597001,,0.02,,0.0220838,,,,0.022860199,0,0.0028
422,,0.040498901,,0.0477,,0.004,,,,0.0215,,,,0.0264792,,0.02,,0.0223669,,,,0.023027699,0,0.0028
423,,0.042741001,,0.0475,,0.0044,,,,0.0218,,,,0.0263707,,0.02,,0.0226181,,,,0.0230974,0,0.0028
424,,0.044983201,,0.047,,0.0045,,,,0.0222,,,,0.026098499,,0.02,,0.022672901,,,,0.023069501,0,0.0039
425,,0.048486501,,0.0471,,0.0051,,,,0.0227,,,,0.025852101,,0.02,,0.0227722,,,,0.0230137,0,0.0039
426,,0.051008999,,0.047,,0.005,,,,0.0229,,,,0.0255799,,0.02,,0.022928599,,,,0.0233486,0,0.0039
427,,0.053671502,,0.0465,,0.0053,,,,0.0234,,,,0.025549199,,0.02,,0.023014201,,,,0.023488199,0,0.0044
428,,0.057735398,,0.0461,,0.0057,,,,0.0239,,,,0.0255362,,0.02,,0.023126099,,,,0.023488199,0,0.0044
429,,0.0608184,,0.0464,,0.0058,,,,0.0244,,,,0.0253477,,0.02,,0.023038199,,,,0.023488199,0,0.0038
430,,0.064041503,,0.0461,,0.0058,,,,0.0251,,,,0.025115499,,0.02,,0.022932,,,,0.023920801,0,0.0044
431,,0.068385698,,0.0456,,0.006,,,,0.0257,,,,0.0249281,,0.02,,0.022808701,,,,0.0241441,0,0.006
432,,0.071748897,,0.0454,,0.006,,,,0.0266,,,,0.0248845,,0.02,,0.022768799,,,,0.024004599,0,0.0054
433,,0.075112097,,0.0446,,0.0073,,,,0.0274,,,,0.024963399,,0.02,,0.022515301,,,,0.0244093,0,0.0048
434,,0.080016799,,0.0448,,0.0079,,,,0.0283,,,,0.024975199,,0.02,,0.0224308,,,,0.024646601,0,0.0032
435,,0.083800502,,0.0447,,0.0078,,,,0.0295,,,,0.025149699,,0.02,,0.0222288,,,,0.024842,0,0.0047
436,,0.087584101,,0.0444,,0.0088,,,,0.0309,,,,0.025156699,,0.02,,0.0219285,,,,0.025023401,0,0.0052
437,,0.093469702,,0.0439,,0.0087,,,,0.0324,,,,0.025036501,,0.02,,0.021743599,,,,0.025232701,0,0.0056
438,,0.097953998,,0.0442,,0.0095,,,,0.0338,,,,0.0251108,,0.02,,0.0214079,,,,0.0258328,0,0.0035
439,,0.102719001,,0.0434,,0.0097,,,,0.0355,,,,0.0256093,,0.02,,0.0211716,,,,0.0259584,0,0.0035
440,,0.110146001,,0.0435,,0.0104,,,,0.0375,,,,0.025904,,0.02,,0.020961599,,,,0.026628301,0,0.003
441,,0.115891002,,0.0436,,0.0108,,,,0.0394,,,,0.0262894,,0.01,,0.0206887,,,,0.0271866,0,0.0041
442,,0.122056998,,0.043,,0.0118,,,,0.042,,,,0.026729001,,0.01,,0.0206168,,,,0.0276192,0,0.0025
443,,0.131446004,,0.0428,,0.0122,,,,0.0441,,,,0.0272936,,0.01,,0.020408999,,,,0.028317001,0,0.0025
444,,0.139014006,,0.0426,,0.0129,,,,0.0464,,,,0.028047901,,0.01,,0.020349599,,,,0.0290707,0,0.0025
445,,0.147000998,,0.0423,,0.0136,,,,0.0498,,,,0.028844699,,0.01,,0.020253699,,,,0.029796399,0,0.003
446,,0.159052998,,0.0423,,0.0149,,,,0.0522,,,,0.029740401,,0.01,,0.0200106,,,,0.031261802,0,0.0015
447,,0.168582007,,0.042,,0.015,,,,0.0547,,,,0.0308106,,0.01,,0.020041401,,,,0.032517798,0,0.001
448,,0.178531006,,0.0417,,0.0163,,,,0.0582,,,,0.031772401,,0.01,,0.0199364,,,,0.033941399,0,0.0028
449,,0.192684993,,0.0415,,0.0175,,,,0.0608,,,,0.033024099,,0.01,,0.019816499,,,,0.035169501,0,0.004
450,,0.203474998,,0.0412,,0.0183,,,,0.0637,,,,0.034297001,,0.01,,0.019730899,,,,0.036481399,0,0.0043
451,,0.214545995,,0.0406,,0.0186,,,,0.0672,,,,0.035588801,,0.01,,0.019557299,,,,0.038714401,0,0.0034
452,,0.230101004,,0.0404,,0.0207,,,,0.07,,,,0.037062101,,0.01,,0.019407799,,,,0.040431,0,0.0039
453,,0.241732001,,0.0403,,0.0218,,,,0.0728,,,,0.038570698,,0.01,,0.0193142,,,,0.0427198,0,0.0022
454,,0.253363013,,0.0395,,0.0243,,,,0.0767,,0.0111,,0.040206701,,0.01,,0.0192126,,,,0.044645701,0,0.0036
455,,0.269338995,,0.0392,,0.0252,,,,0.0798,,0.0111,,0.042039499,,0.01,,0.0190893,,,,0.047116,0,0.0022
456,,0.281109989,,0.039,,0.0261,,,,0.083,,0.0111,,0.043915801,,0.01,,0.018852999,,,,0.049767599,0,0.0022
457,,0.292741001,,0.0383,,0.0274,,,,0.0874,,0.0139,,0.0459066,,0.01,,0.0187479,,,,0.0523495,0,0.0039
458,,0.308016002,,0.038,,0.0291,,,,0.0906,,0.0139,,0.047956198,,0.01,,0.0186303,,,,0.054973301,0,0.003
459,,0.318805993,,0.0378,,0.0307,,,,0.0943,,0.0139,,0.050087199,,0.01,,0.0184203,,,,0.057722598,0,0.0025
460,,0.32931599,,0.0378,,0.0325,,,,0.0995,,0.0167,,0.052363101,,0.01,,0.0183484,,,,0.0603185,0,0.0032
461,,0.342909008,,0.0381,,0.0341,,,,0.1037,,0.0167,,0.054614302,,0.01,,0.0182319,,,,0.063193403,0,0.0039
462,,0.352438003,,0.0378,,0.0357,,,,0.1083,,0.0194,,0.056960899,,0.01,,0.017918,,,,0.065510198,0,0.0042
463,,0.361546993,,0.0375,,0.0374,,,,0.115,,0.0194,,0.059418399,,0.01,,0.0178289,,,,0.068106003,0,0.0037
464,,0.373878986,,0.0375,,0.0413,,,,0.1205,,0.025,,0.061874699,,0.01,,0.017739899,,,,0.070646003,0,0.0044
465,,0.382847995,,0.0377,,0.0432,,,,0.1261,,0.0278,,0.064416997,,0.01,,0.017735301,,,,0.073214002,0,0.0035
466,,0.392096013,,0.0378,,0.0468,,,,0.1347,,0.0278,,0.0669581,,0.01,,0.0176691,,,,0.075823799,0,0.0056
467,,0.404848993,,0.0381,,0.0488,,,,0.1416,,0.0278,,0.069604099,,0.02,,0.017580001,,,,0.078642897,0,0.0063
468,,0.414797992,,0.0384,,0.0506,,,,0.1491,,0.0306,,0.072210103,,0.02,,0.0176086,,,,0.081238702,0,0.0056
469,,0.425588995,,0.0389,,0.0543,,,,0.1604,,0.0306,,0.074872598,,0.02,,0.017635999,,,,0.084043898,0,0.0052
470,,0.441563994,,0.0392,,0.0594,,,,0.1692,,0.0306,,0.077800304,,0.02,,0.0177125,,,,0.087114297,0,0.0041
471,,0.454596013,,0.0402,,0.0615,,,,0.1785,,0.0389,,0.080798797,,0.02,,0.01787,,,,0.090659201,0,0.0039
472,,0.469029993,,0.0406,,0.0669,,,,0.1918,,0.0389,,0.083889201,,0.02,,0.0179339,,,,0.094078399,0,0.0029
473,,0.49159199,,0.0416,,0.07,,,,0.2022,,0.0417,,0.087323703,,0.02,,0.018078901,,,,0.098055899,0,0.0033
474,,0.510230005,,0.0424,,0.0765,,,,0.2129,,0.0417,,0.0909338,,0.029999999,,0.018220499,,,,0.102242999,0,0.0023
475,,0.530969977,,0.0435,,0.0813,,,,0.2284,,0.0417,,0.094795004,,0.029999999,,0.0184328,,,,0.107504003,0,0.0016
476,,0.562359989,,0.0445,,0.0864,,,,0.2398,,0.0472,,0.098993301,,0.029999999,,0.0186269,,,,0.112905003,0,0.0008
477,,0.588145018,,0.046,,0.0914,,,,0.2513,,0.0472,,0.103628002,,0.029999999,,0.018828999,,,,0.118947998,0,0.0004
478,,0.615471005,,0.0474,,0.0983,,,,0.2671,,0.0556,,0.108815998,,0.029999999,,0.019173799,,,,0.125410005,0,0.0018
479,,0.655690014,,0.0489,,0.103,,,,0.2787,,0.0611,,0.114372998,,0.039999999,,0.0196144,,,,0.133365005,0,0.0029
480,0.00976434,0.686519027,,0.0503,,0.1075,,,,0.2898,,0.0611,,0.120512001,,0.039999999,,0.020093899,,,,0.141641006,0,0.0028
481,0.0106855,0.718330026,,0.0522,,0.1149,,,,0.3044,,0.0694,,0.127251998,,0.039999999,,0.020675,,,,0.150671005,0,0.005
482,0.013449,0.763453007,,0.0538,,0.1184,,,,0.3149,,0.0694,,0.133936003,,0.039999999,,0.0209821,,,,0.160482004,0,0.0038
483,0.0167729,0.79638499,,0.056,,0.1253,,,,0.3246,,0.0722,,0.141436994,,0.050000001,,0.0216968,,,,0.171353996,0,0.0034
484,0.021695299,0.82861501,,0.0575,,0.1322,,,,0.3364,,0.075,,0.149946004,,0.050000001,,0.0227859,,,,0.182769999,0,0.0044
485,0.0268001,0.870095015,,0.06,,0.1367,,,,0.3446,,0.075,,0.158740997,,0.050000001,,0.0236615,,,,0.194772005,0,0.0045
486,0.033910301,0.898122013,,0.062,,0.1404,,,,0.352,,0.0833,,0.167988002,,0.059999999,,0.0246365,,,,0.207277,0,0.0051
487,0.041749801,0.923766971,,0.0645,,0.1469,,,,0.3612,,0.0889,,0.177684993,,0.059999999,,0.025539501,,,,0.220256001,0,0.0065
488,0.051047798,0.954035997,,0.0665,,0.1508,,,,0.3675,,0.0972,,0.187742993,,0.059999999,,0.026590999,,,,0.233109996,0,0.0065
489,0.063627496,0.971973002,,0.0693,,0.1573,,,,0.3737,,0.1028,,0.198076993,,0.059999999,,0.027758799,,,,0.246437997,0,0.0081
490,0.078667402,0.985987008,,0.0716,,0.1614,,,,0.3816,,0.1111,,0.208554998,,0.07,,0.028915299,,,,0.259472996,0,0.0098
491,0.095801003,0.997478008,,0.0744,,0.1675,,,,0.3876,,0.1139,,0.219668999,,0.07,,0.030630101,,,,0.271712005,0,0.0118
492,0.115698002,1,,0.077,,0.1741,,,,0.3935,,0.1222,,0.230570003,,0.07,,0.032019399,,,,0.283380002,0,0.015
493,0.140017003,0.997196972,,0.0795,,0.1799,,,,0.4023,,0.125,,0.241000995,,0.079999998,,0.033238702,,,,0.293805003,0,0.0163
494,0.168204993,0.984025002,,0.0824,,0.1862,,,,0.4097,,0.1305,,0.251545012,,0.079999998,,0.0349489,,,,0.303629994,0,0.0184
495,0.200084001,0.967769027,,0.0851,,0.1949,,,,0.418,,0.1389,,0.261804014,,0.079999998,,0.036731001,,,,0.311919987,0,0.0179
496,0.235452995,0.94590801,,0.0875,,0.1999,,,,0.4305,,0.1417,,0.271519005,,0.090000004,,0.038638599,,,,0.318856001,0,0.02
497,0.273586005,0.907091022,,0.0902,,0.2102,,,,0.441,,0.1555,,0.280898005,,0.090000004,,0.040587399,,,,0.324396998,0,0.0214
498,0.319260001,0.873178005,,0.0929,,0.219,,,,0.4531,,0.1639,,0.289570004,,0.090000004,,0.0425179,,,,0.328359991,0,0.0234
499,0.361883014,0.834921002,,0.0956,,0.2264,,,,0.4721,,0.1694,,0.297690004,,0.1,,0.044523802,,,,0.330942005,0,0.0267
500,0.405445993,0.775785029,,0.0981,,0.2379,,,0.0051,0.488,,0.1778,,0.305164009,,0.1,,0.046497598,,,,0.332812011,0,0.0276
501,0.455150992,0.729120016,,0.101,,0.2606,,,0.0052,0.5057,,0.1833,,0.311957002,,0.11,,0.048529699,,,,0.333718985,0,0.0314
502,0.508347988,0.680633008,,0.1038,,0.2755,,,0.006,0.5324,,0.1917,,0.318093002,,0.11,,0.050452299,,,,0.333732992,0,0.0335
503,0.558570981,0.611967027,,0.1071,,0.2861,,,0.007,0.5541,,0.1972,,0.323644996,,0.12,,0.052351899,,,,0.333622009,0,0.0356
504,0.609350026,0.561940014,,0.11,,0.3035,,,0.0084,0.5776,,0.2055,,0.328864008,,0.12,,0.054258499,,,,0.333678007,0,0.038
505,0.660878003,0.513453007,,0.1136,,0.3268,,,0.0102,0.6128,,0.2055,,0.333833009,,0.13,,0.0560885,,,,0.334347993,0,0.0394
506,0.716261983,0.449552,,0.1171,,0.3457,,,0.0123,0.6401,,0.2139,,0.338530004,,0.14,,0.057789501,,,,0.335785002,0,0.0417
507,0.761668026,0.40554899,,0.121,,0.3586,,,0.0146,0.6687,,0.2139,,0.343472004,,0.14,,0.059635598,,0.0105,,0.338171005,0,0.0422
508,0.804982007,0.364069998,,0.1245,,0.3765,,,0.0173,0.7095,,0.225,,0.348681986,,0.15000001,,0.061408501,,0.0105,,0.342148989,0,0.045
509,0.853420019,0.310817987,,0.1297,,0.3957,,,0.0211,0.7398,,0.2361,,0.354409993,,0.16,,0.0630491,,0.0105,,0.347829014,0,0.0481
510,0.883358002,0.275364012,,0.1342,,0.4222,,,0.0253,0.7705,,0.2361,,0.361003011,,0.17,,0.064732999,,0.0105,,0.355533004,0,0.0492
511,0.915407002,0.242432997,,0.1396,,0.4403,,,0.0311,0.8127,,0.2472,,0.368692011,,0.18000001,,0.066605203,,0.0105,,0.365469992,0,0.0517
512,0.932295024,0.202074006,,0.1449,,0.4579,,,0.0377,0.8432,,0.2528,,0.37766999,,0.19,,0.068441004,,0.0105,,0.378044009,0,0.0512
513,0.962366998,0.176148996,,0.1516,,0.4747,,0.011577814,0.0446,0.8723,,0.2611,,0.388024986,,0.2,,0.070243597,,0.014,,0.392558992,0,0.0549
514,0.973017991,0.153026998,,0.1581,0,0.4895,,0.011577814,0.0538,0.9091,,0.2778,,0.400225013,,0.20999999,,0.072266601,,0.014,,0.410115004,0,0.0578
515,0.983668983,0.125560999,,0.1656,0.001,0.5039,,0.011567841,0.0633,0.9332,,0.2889,,0.414305001,,0.22,,0.074426599,,0.014,,0.430379987,0,0.058
516,0.995182991,0.108323999,,0.1736,0.002,0.5057,,0.011567841,0.0743,0.9541,,0.2944,,0.430281997,,0.23999999,,0.076708697,,0.014,,0.45372799,0,0.0637
517,0.994991004,0.0931895,,0.1822,0.003,0.5179,,0.011557869,0.088,0.9775,,0.3111,,0.448377013,,0.25,,0.079269402,,0.0175,,0.479393989,0,0.0634
518,1,0.075532503,,0.1908,0.004,0.5249,,0.011547897,0.1023,0.9896,,0.3194,,0.468676001,,0.25999999,,0.082065299,,0.0175,,0.508589983,0,0.0656
519,0.992879987,0.064321697,,0.2008,0.005,0.5283,,0.013482519,0.1188,0.9974,,0.3361,,0.491156995,,0.27000001,,0.085236698,,0.0175,,0.539683998,0,0.0704
520,0.98121202,0.054932699,,0.2107,0.006,0.5279,,0.013482519,0.1374,1,,0.3472,,0.515837014,,0.28999999,,0.088756397,,0.0175,,0.57366699,0,0.0727
521,0.975377977,0.044422701,,0.2214,0.007,0.5343,,0.013472546,0.1588,0.9958,,0.3528,,0.542557001,,0.30000001,,0.092669897,,0.0176,,0.609605014,0,0.0779
522,0.954209983,0.0379765,,0.2323,0.008,0.5291,,0.013472546,0.1839,0.987,,0.3778,,0.571273983,,0.31,,0.097259298,,0.021,,0.64784497,0,0.0812
523,0.935249984,0.0323711,,0.2432,0.009,0.5296,,0.013462574,0.2115,0.9669,,0.4,,0.601804972,,0.31999999,,0.102201,,0.021,,0.687870979,0,0.0857
524,0.923888981,0.026064999,,0.2545,0.01,0.5248,,0.013452602,0.2393,0.9469,,0.4139,,0.63390398,,0.33000001,,0.107681997,,0.0245,,0.728316009,0,0.0917
525,0.904946983,0.0221413,,0.2661,0.011,0.521,,0.01734179,0.2703,0.9225,,0.4278,,0.667397976,,0.34,,0.113748997,,0.0246,,0.770142019,0,0.0969
526,0.891802013,0.018778,,0.2773,0.012,0.5182,,0.017331818,0.3034,0.8824,,0.4528,,0.701974988,,0.34,,0.120362997,,0.0246,,0.811271012,0,0.1024
527,0.864147007,0.0151345,,0.2887,0.013,0.5145,,0.017321846,0.34,0.8493,,0.4667,,0.737200022,,0.34999999,,0.127614006,,0.0246,,0.851534009,0,0.108
528,0.840139985,0.0127522,,0.2997,0.014,0.5135,,0.017321846,0.378,0.8134,,0.4861,,0.772527993,,0.36000001,,0.135378003,,0.0281,,0.888058007,0,0.1162
529,0.81726402,0.0107904,,0.3103,0.015,0.5131,,0.017311873,0.417,0.7598,,0.5028,,0.807437003,,0.36000001,,0.143564999,,0.0281,,0.922556996,0,0.1234
530,0.792219996,0.00854821,,0.3201,0.0174,0.5161,,0.021191088,0.4596,0.7181,,0.5222,,0.84139502,,0.37,,0.152327001,,0.0281,0.0284766,0.951502025,0,0.1322
531,0.771628022,0.00742713,,0.3301,0.0188,0.5258,,0.021191088,0.5042,0.6754,,0.5444,,0.87391597,,0.37,,0.161356002,,0.0298,0.039262999,0.975242019,0,0.1432
532,0.745931029,0.00616592,,0.3394,0.0204,0.5251,,0.021181116,0.5468,0.6153,,0.5556,,0.904116988,,0.38,,0.170888007,,0.0298,0.051632699,0.991388977,0,0.1493
533,0.725013018,0.00476457,,0.348,0.0223,0.5333,,0.025060331,0.5917,0.5717,,0.5722,,0.931427002,,0.38,,0.180717006,,0.0333,0.062737197,1,0,0.1612
534,0.69887501,0.0040639,,0.3555,0.0246,0.5467,,0.02505036,0.6362,0.5282,,0.5917,,0.955107987,,0.38,,0.190614,,0.0333,0.073530301,0.999484003,0,0.1697
535,0.674196005,0.00336323,,0.3629,0.0272,0.5547,,0.02505036,0.6788,0.4702,,0.5917,,0.974340975,,0.38999999,,0.200630993,,0.0368,0.084802598,0.989965022,0,0.1827
536,0.659475982,0.00238229,,0.3687,0.0303,0.5687,,0.025040388,0.724,0.4292,,0.6083,,0.988547981,,0.38999999,,0.210544005,,0.0368,0.096686602,0.971347988,0,0.1924
537,0.638154984,0.00182175,,0.3743,0.034,0.5808,,0.025040388,0.7651,0.3893,,0.6139,,0.997269988,,0.38999999,,0.220272005,,0.0368,0.112643003,0.944022,0,0.2072
538,0.620307982,0.00140135,,0.3786,0.0385,0.6004,,0.028919604,0.8042,0.3381,,0.6194,,1,,0.40000001,,0.229663,,0.0438,0.131233007,0.907204986,0,0.2173
539,0.599216998,0.000841,,0.3826,0.0439,0.6184,,0.028909631,0.8399,0.3037,,0.6222,,0.996554017,,0.40000001,,0.238619998,,0.0438,0.154046997,0.864136994,0,0.2271
540,0.583979011,0.000701,,0.3861,0.0503,0.6378,,0.028899658,0.8741,0.2717,,0.6222,,0.986442983,,0.41,,0.246883005,,0.0473,0.179054007,0.813337028,0,0.2382
541,0.567436993,0.000561,,0.3886,0.058,0.6774,,0.028899658,0.9036,0.2314,,0.6222,0.390769988,0.96993202,,0.41999999,,0.254397988,,0.0473,0.207298994,0.758181989,0,0.2471
542,0.551891983,0.000280269,,0.391,0.0673,0.7055,,0.030834282,0.9275,0.205,,0.6194,0.44057399,0.947176993,,0.43000001,,0.261200011,,0.0508,0.243300006,0.698490977,0,0.2568
543,0.535196006,0.000280269,,0.393,0.0784,0.7314,,0.034713496,0.9475,0.1811,,0.6194,0.491239011,0.918491006,,0.44,,0.267024994,,0.0543,0.283080995,0.63804698,0,0.267
544,0.523757994,1.00E-05,,0.3948,0.0917,0.7694,,0.034713496,0.9655,0.1519,,0.6139,0.544306993,0.88431102,,0.44999999,,0.271863997,,0.0543,0.327037007,0.576291025,0,0.2727
545,0.507772028,1.00E-05,,0.3968,0.1074,0.8049,,0.034703523,0.9813,0.1333,,0.6056,0.597947001,0.845528007,,0.46000001,,0.275835991,,0.0578,0.377739012,0.515694022,0,0.2811
546,0.497889012,1.00E-05,,0.399,0.1258,0.8391,,0.03469355,0.9924,0.1168,,0.6,0.650152981,0.802680016,,0.47999999,,0.278827012,,0.0578,0.431023002,0.458110988,0,0.2919
547,0.481788009,1.00E-05,,0.4016,0.1472,0.8737,,0.042461958,0.9957,0.0965,,0.5944,0.700268984,0.756760001,,0.5,,0.280891001,,0.0613,0.491210997,0.403416008,0,0.2955
548,0.471060008,1.00E-05,,0.4052,0.1721,0.8976,,0.042461958,1,0.0839,0.0111,0.5861,0.748176992,0.708567023,,0.51999998,,0.282101005,,0.0613,0.55380702,0.352295011,0,0.3012
549,0.458355993,1.00E-05,,0.4097,0.2007,0.9307,,0.04245198,0.9946,0.0726,0.0111,0.5833,0.793864012,0.659126997,,0.54000002,,0.282709986,,0.0683,0.612133026,0.304773986,0,0.3087
550,0.449968994,1.00E-05,,0.4153,0.2336,0.9647,,0.044386607,0.9907,0.0594,0.0111,0.5833,0.836902976,0.609147012,,0.565,,0.282712996,,0.0683,0.681037009,0.26343599,0,0.3108
551,0.438742995,,,0.4226,0.2713,0.9789,,0.044386607,0.9825,0.0513,0.0111,0.5833,0.875847995,0.559356987,,0.57999998,,0.282227993,,0.0718,0.740442991,0.225907996,0,0.3129
552,0.428667009,,,0.4313,0.314,0.9968,,0.044376634,0.9721,0.0445,0.0139,0.5833,0.909187973,0.510567009,0.07,0.61000001,,0.281547993,,0.0753,0.797972977,0.193055004,0,0.3047
553,0.416213006,,,0.4416,0.3608,0.9989,,0.04825585,0.9579,0.036,0.0139,0.5861,0.936222017,0.463551015,0.079999998,0.63999999,,0.280824006,,0.0753,0.853507996,0.163496003,0,0.3096
554,0.407864988,,,0.4541,0.4117,1,,0.052135065,0.942,0.0309,0.0139,0.5917,0.957253993,0.418464005,0.090000004,0.66000003,,0.280238003,,0.0788,0.897174001,0.138264,0,0.308
555,0.396003991,,,0.4685,0.466,0.9913,,0.052135065,0.9232,0.0264,0.0167,0.5944,0.973092973,0.375925004,0.1,0.69,,0.280019999,,0.0788,0.934629023,0.116143003,0,0.3093
556,0.387809992,,,0.4842,0.5229,0.9852,,0.05601428,0.907,0.0215,0.0194,0.6056,0.984477997,0.336113006,0.11,0.72000003,,0.280373007,,0.0823,0.964025974,0.097260401,0,0.3084
557,0.378962994,,,0.5021,0.5819,0.9538,,0.05600431,0.8873,0.0186,0.025,0.6111,0.992129982,0.299125999,0.12,0.75,,0.281323999,,0.0823,0.98356998,0.0816295,0,0.3065
558,0.365970999,,,0.5219,0.6415,0.932,,0.059883524,0.8658,0.016,0.0278,0.6278,0.996061981,0.265206009,0.14,0.77999997,,0.283262014,,0.0893,0.997340977,0.0682735,0,0.3029
559,0.35750699,,,0.5442,0.7012,0.8952,,0.061828118,0.8444,0.013,0.0306,0.6417,0.995588005,0.234180003,0.15000001,0.81,,0.286258996,,0.0928,1,0.056801502,0,0.3013
560,0.347681999,,,0.5677,0.7583,0.8451,,0.061818145,0.8209,0.0111,0.0306,0.65,0.990975976,0.206064999,0.17,0.83999997,,0.290506989,,0.0963,0.992524028,0.047171801,0,0.3084
561,0.338719994,,,0.5931,0.812,0.7777,,0.06958655,0.8011,0.0093,0.0417,0.6833,0.982466996,0.180853993,0.18000001,0.87,,0.296083003,,0.0997,0.985332012,0.039105099,0,0.3077
562,0.32881701,,,0.6202,0.8609,0.7271,,0.06958655,0.777,0.0076,0.0444,0.7028,0.969792008,0.158182994,0.2,0.89999998,,0.303119004,,0.0997,0.967133999,0.032615501,0,0.3083
563,0.319835991,,,0.6492,0.9036,0.6801,,0.073455796,0.7542,0.0065,0.0556,0.725,0.953436017,0.138031006,0.22,0.92000002,,0.311827987,,0.1032,0.946132004,0.0271866,0,0.3112
564,0.308878005,,,0.6785,0.9384,0.6153,,0.073455796,0.7319,0.0055,0.0694,0.7583,0.934275985,0.120104998,0.23999999,0.94,,0.32219699,,0.1033,0.921908021,0.022483399,0,0.3163
565,0.300817996,,0.0351,0.7093,0.9664,0.5457,,0.07733501,0.7126,0.0044,0.0694,0.7583,0.912859023,0.104272,0.27000001,0.95999998,,0.334468991,,0.1102,0.897314012,0.018924501,0,0.3255
566,0.290262997,,0.0364,0.7405,0.9862,0.4863,,0.08315882,0.6934,0.0035,0.0889,0.7944,0.889603019,0.090273798,0.28999999,0.98000002,0.00509,0.348850012,,0.1137,0.864646018,0.016007699,0,0.3323
567,0.282182992,,0.0414,0.7714,0.9969,0.4502,,0.08315882,0.6723,0.0028,0.1111,0.8278,0.865472019,0.077924103,0.31999999,0.99000001,0.00634556,0.365108013,,0.1172,0.837006986,0.0133142,0,0.34
568,0.272511005,,0.0499,0.8026,1,0.3955,,0.083148845,0.6538,0.0023,0.1305,0.8556,0.841320992,0.067235097,0.34999999,0.99000001,0.00769,0.383352011,,0.1242,0.80469799,0.0111914,0,0.3533
569,0.264450997,,0.0593,0.8328,0.9955,0.3482,,0.08703803,0.6333,0.0019,0.1639,0.8861,0.816751003,0.0580182,0.38,1,0.00928333,0.403849006,,0.1277,0.772859991,0.00965766,0,0.3647
570,0.253722996,,0.0692,0.863,0.9833,0.3021,,0.09285187,0.6143,0.0014,0.1833,0.9056,0.791611016,0.049813699,0.41999999,0.99000001,0.0112,0.426339,,0.1312,0.741994023,0.00813644,0.0089,0.3778
571,0.245394006,,0.0827,0.8902,0.964,0.2631,,0.09285187,0.5985,0.0011,0.2083,0.925,0.766265988,0.042766701,0.44999999,0.98000002,0.0135567,0.450998008,,0.1347,0.709914982,0.00701994,0.01,0.3995
572,0.236797005,,0.0966,0.9159,0.9395,0.2259,,0.0928419,0.5804,0.0009,0.2528,0.9528,0.740531981,0.036787499,0.49000001,0.97000003,0.016465601,0.477872014,,0.1417,0.677227974,0.00612675,0.0104,0.4162
573,0.227469996,,0.1113,0.9392,0.9107,0.1952,,0.09673109,0.5649,0.0005,0.2833,0.9694,0.714595973,0.031496599,0.52999997,0.94999999,0.020036699,0.506846011,,0.1451,0.651861012,0.00510795,0.0133,0.4368
574,0.220579997,,0.1296,0.9598,0.8777,0.1693,,0.09672111,0.5496,0.0005,0.3389,0.9861,0.688659012,0.026918801,0.565,0.92000002,0.0243933,0.537501991,,0.1521,0.621882975,0.00449388,0.0146,0.4501
575,0.211177006,,0.1488,0.9765,0.8421,0.1493,,0.10060033,0.5351,0.0004,0.3917,0.9944,0.662501991,0.0233228,0.60000002,0.88999999,0.029658901,0.570030987,,0.1591,0.599730015,0.00399146,0.0185,0.4846
576,0.205323994,,0.1702,0.989,0.8047,0.132,,0.10448952,0.521,0,0.4306,1,0.636906028,0.0201841,0.64999998,0.86000001,0.0359511,0.604368985,,0.1696,0.57307601,0.00367047,0.0218,0.51
577,0.197090998,,0.1971,0.997,0.7657,0.1172,,0.11030336,0.5082,0,0.5028,1,0.612955987,0.017333001,0.69,0.81999999,0.0434522,0.640285015,,0.1766,0.548289001,0.00300057,0.0239,0.5323
578,0.189605996,,0.2221,1,0.7261,0.1002,,0.11030336,0.4949,0,0.5778,1,0.590840995,0.014806,0.72000003,0.77999997,0.052418899,0.67673701,,0.18,0.528533995,0.00276332,0.0295,0.5622
579,0.182265997,,0.2531,0.9971,0.6869,0.0878,,0.11806179,0.4816,0,0.6222,1,0.570317984,0.0130486,0.75999999,0.74000001,0.063023299,0.714145005,,0.1975,0.508686006,0.00272145,0.0334,0.5943
580,0.175477996,,0.2868,0.9896,0.6477,0.0717,,0.11806179,0.4706,0,0.6667,0.9833,0.550924003,0.0115294,0.80000001,0.69999999,0.075333297,0.751918018,,0.2045,0.489073008,0.00249815,0.0395,0.6279
581,0.169218004,,0.3234,0.9763,0.61,0.062,,0.11806179,0.4604,0,0.7361,0.9667,0.531978011,0.00990051,0.82999998,0.64999998,0.089466698,0.789053977,,0.2149,0.475616992,0.00210738,0.0476,0.6602
582,0.161617994,,0.3631,0.958,0.5738,0.0498,,0.121941,0.4487,0,0.8333,0.9444,0.513189018,0.00878435,0.87,0.60000002,0.105682001,0.825316012,,0.2219,0.457112014,0.00209342,0.0567,0.6914
583,0.155537993,,0.4011,0.9344,0.5392,0.0428,,0.12193103,0.4366,0,0.8528,0.8917,0.494688004,0.00789684,0.89999998,0.565,0.124264002,0.860239983,,0.2289,0.447921008,0.00199573,0.0673,0.7324
584,0.148952007,,0.4422,0.9069,0.5072,0.0356,,0.12775484,0.4265,0,0.8861,0.8333,0.476442009,0.00684785,0.92000002,0.50999999,0.145434007,0.892669022,,0.2359,0.43293801,0.00207947,0.0784,0.7576
585,0.144209996,,0.487,0.8741,0.4774,0.0311,,0.12775484,0.4161,0,0.9167,0.7944,0.45846799,0.006189,0.94,0.47,0.169418007,0.922026992,,0.2464,0.423294008,0.00195386,0.0943,0.7967
586,0.138850003,,0.5293,0.8392,0.4495,0.0266,,0.13551328,0.4048,0,0.9556,0.7389,0.441496015,0.0057258,0.95999998,0.43000001,0.196395993,0.947457016,,0.2533,0.41316101,0.00185617,0.1092,0.8237
587,0.132980004,,0.5698,0.8005,0.4237,0.0242,,0.13551328,0.3925,0,0.9778,0.6694,0.426207989,0.00538989,0.98000002,0.38999999,0.226260006,0.968777001,,0.2603,0.40367201,0.00168869,0.1264,0.8568
588,0.127875,,0.6111,0.7593,0.3995,0.0202,,0.1393925,0.3843,0,0.9944,0.6278,0.412708998,0.00478643,0.99000001,0.34999999,0.258870006,0.984938025,,0.2708,0.397846997,0.00173056,0.1467,0.8832
589,0.124465004,,0.6597,0.7173,0.3767,0.0155,,0.1452163,0.3757,0,1,0.5639,0.401042998,0.00412875,0.99000001,0.31999999,0.294319987,0.995298982,,0.2778,0.393752992,0.00166078,0.1698,0.9173
590,0.118807003,,0.7024,0.6744,0.3558,0.0143,,0.1452163,0.3636,0,1,0.525,0.391005993,0.00392367,1,0.28,0.332632005,1,,0.2882,0.386510998,0.00177243,0.1961,0.9369
591,0.114435002,,0.7409,0.6302,0.3367,0.0119,,0.15297472,0.3554,0,1,0.4861,0.382072985,0.00363019,0.99000001,0.25,0.373614013,0.998346984,,0.2952,0.382247001,0.00167474,0.2284,0.9586
592,0.110835001,,0.7808,0.5859,0.3193,0.0104,,0.15686391,0.345,0,1,0.4278,0.373941004,0.00342864,0.99000001,0.22,0.416933,0.99029398,,0.3022,0.375285,0.0013677,0.258,0.9725
593,0.105691999,,0.8166,0.5432,0.3035,0.0101,,0.16268773,0.3343,0,0.9944,0.3806,0.366452008,0.00328603,0.98000002,0.2,0.46221,0.975903988,,0.3057,0.372817993,0.00150726,0.2934,0.9916
594,0.101834998,,0.8497,0.5005,0.289,0.0084,,0.16656694,0.3254,0,0.9806,0.325,0.359201014,0.00298194,0.97000003,0.18000001,0.508903027,0.955088019,,0.3127,0.368786991,0.00154913,0.3359,0.9932
595,0.098708503,,0.8889,0.4597,0.276,0.0071,,0.17045613,0.3161,0,0.9639,0.2639,0.35175699,0.00270143,0.95999998,0.15000001,0.556360006,0.928546011,,0.3196,0.364863992,0.00152122,0.3746,1
596,0.094563201,,0.9177,0.4204,0.2643,0.0065,,0.18404835,0.3071,0,0.9556,0.2639,0.344197005,0.00244095,0.94,0.14,0.604098976,0.897041023,,0.3231,0.360794008,0.00143748,0.4258,0.9973
597,0.091195203,,0.936,0.3835,0.254,0.0066,,0.18793753,0.2976,0,0.9306,0.2222,0.337083012,0.00226533,0.92000002,0.12,0.65171802,0.861075997,,0.3301,0.357288986,0.00156309,0.4644,0.9914
598,0.087827198,,0.9598,0.3483,0.2445,0.0059,,0.19764055,0.2905,0,0.9,0.1805,0.330758989,0.00224647,0.89999998,0.1,0.698616028,0.821260989,,0.3301,0.352562994,0.00142353,0.5186,0.9664
599,0.084718302,,0.9739,0.3153,0.2362,0.0046,,0.20152976,0.2793,0,0.8778,0.1583,0.324878007,0.00210504,0.87,0.090000004,0.744053006,0.777944028,,0.3336,0.348717988,0.001591,0.5604,0.947
600,0.081868403,,0.9844,0.2845,0.2286,0.0038,,0.21124275,0.2715,0,0.8444,0.125,0.318783998,0.00201193,0.85000002,0.079999998,0.787074029,0.732620001,,0.3371,0.341410995,0.00170265,0.611,0.9209
601,0.079277702,,0.9922,0.2564,0.2217,0.0032,,0.21901114,0.2619,,0.825,0.1111,0.312177986,0.0019141,0.81999999,0.07,0.826861978,0.685756028,,0.3371,0.336816996,,0.6544,0.8929
602,0.075391501,,0.9986,0.2307,0.2156,0.0031,,0.22872415,0.254,,0.7944,0.0944,0.305101991,0.00179152,0.79000002,0.059999999,0.862882018,0.638221979,,0.3371,0.331840008,,0.7012,0.8586
603,0.073578,,0.994,0.2064,0.2102,0.0028,,0.23260336,0.2471,,0.7639,0.075,0.297681987,0.00174791,0.75999999,0.050000001,0.894779027,0.590946972,,0.3371,0.325129002,,0.7374,0.825
604,0.070991002,,1,0.185,0.2053,0.0025,,0.24037176,0.2384,,0.7472,0.0667,0.290196002,0.00179624,0.74000001,0.039999999,0.92246002,0.544521987,,0.3371,0.317667007,,0.7957,0.7786
605,0.068641998,,0.9917,0.165,0.2006,0.002,,0.25008476,0.2292,,0.7111,0.0528,0.282887995,0.00184574,0.70999998,0.039999999,0.945997,0.498930991,,0.3371,0.310786992,,0.8293,0.7372
606,0.065771103,,0.9862,0.1469,0.1961,0.0016,,0.25979775,0.2202,,0.6944,0.0472,0.275509,0.00176206,0.68000001,0.029999999,0.965220988,0.45489499,,0.3337,0.303550988,,0.878,0.6917
607,0.063422099,,0.9742,0.1305,0.1916,0.0014,,0.27339995,0.2119,,0.6694,0.0417,0.268076003,0.00171845,0.64999998,0.029999999,0.979911029,0.412965,,0.3372,0.296086997,,0.9063,0.6378
608,0.0613342,,0.9595,0.1163,0.1871,0.0009,,0.28116834,0.2057,,0.6417,0.0333,0.261029989,0.00171255,0.62,0.02,0.990051985,0.373448998,,0.3372,0.287458986,,0.9323,0.5962
609,0.058463201,,0.9411,0.1029,0.1827,0.0004,,0.29477054,0.1978,,0.6111,0.025,0.254325986,0.00168073,0.60000002,0.02,0.996057987,0.336227,,0.3407,0.277637988,,0.9493,0.5461
610,0.056636199,,0.9213,0.0916,0.1784,0.0002,,0.29864976,0.1902,,0.6,0.025,0.247663006,0.00159823,0.56999999,0.02,0.998467982,0.301703006,,0.3407,0.269694,,0.9658,0.5024
611,0.0552123,,0.9123,0.0812,0.1738,0.0001,,0.30641815,0.1842,,0.5861,0.0194,0.241090998,0.00150393,0.55500001,0.02,0.997641981,0.269769013,,0.3442,0.261386007,,0.9826,0.4572
612,0.053371798,,0.8882,0.0722,0.169,0.0001,,0.32196495,0.1779,,0.5639,0.0194,0.234814003,0.00110438,0.51999998,0.01,0.993852973,0.240483999,,0.3476,0.251760989,,0.9967,0.41
613,0.051268499,,0.866,0.0641,0.164,0.0001,,0.32584414,0.1717,,0.55,0.0167,0.228802994,0.000614067,0.5,0.01,0.987129986,0.213531002,,0.3511,0.244656995,,1,0.3679
614,0.049690999,,0.8409,0.0569,0.1589,0.0001,,0.33944634,0.1655,,0.525,0.0139,0.222874001,0.000268728,0.47999999,0.01,0.977208972,0.189164996,,0.3581,0.234533995,,0.9882,0.3275
615,0.047935098,,0.8256,0.0508,0.1535,0.0001,,0.34332556,0.1599,,0.5167,0.0139,0.217025995,0.000694214,0.46000001,0.01,0.964136004,0.167284995,,0.3721,0.227636993,,0.9834,0.291
616,0.0460812,,0.7976,0.0452,0.1482,0.0001,,0.35498315,0.1538,,0.5083,0.0111,0.210880995,0.00128942,0.44,0.01,0.948439002,0.147430003,,0.3791,0.218263,,0.9761,0.261
617,0.045081399,,0.7793,0.0404,0.1426,0.0001,,0.36080697,0.1495,,0.4944,0.0111,0.204004005,0.00151101,0.41999999,0.01,0.930593014,0.129767999,,0.393,0.210569993,,0.9596,0.2258
618,0.043214101,,0.7554,0.0359,0.1369,0.0001,,0.36469615,0.1435,,0.4861,0.0111,0.196833998,0.00144618,0.40000001,0.01,0.910942018,0.113945,,0.4035,0.201581001,,0.9406,0.2026
619,0.040813301,,0.7281,0.0322,0.131,0.0001,,0.37440914,0.1394,,0.4722,0.0111,0.189935997,0.00128825,0.38,0.01,0.889998972,0.099799402,,0.4209,0.193452999,,0.9179,0.1801
620,0.039494898,,0.704,0.0292,0.1251,0,,0.37439916,0.1348,,0.4611,0.0056,0.183287993,0.00136721,0.37,0.01,0.868090987,0.087315597,,0.4349,0.185762003,,0.8953,0.1489
621,0.038688902,,0.6755,0.0261,0.1193,0.0001,,0.37828836,0.1291,,0.4611,0.0056,0.176829994,0.00185517,0.34999999,0.01,0.845242977,0.076440401,,0.4506,0.179664999,,0.8572,0.1279
622,0.0368005,,0.656,0.0237,0.1136,0.0001,,0.38216758,0.1243,,0.4556,0.0056,0.170580998,0.00235962,0.34,0.01,0.821330011,0.067132697,0,0.4715,0.170484006,,0.8405,0.1126
623,0.035447501,,0.6279,0.0216,0.1079,0,,0.3821576,0.12,,0.4417,0.0111,0.164313003,0.00268492,0.33000001,0.01,0.796522975,0.058934599,0.0099,0.489,0.164152995,,0.8085,0.0921
624,0.034881402,,0.6093,0.0194,0.1024,0.0001,,0.38214764,0.1165,,0.4417,0.0111,0.157781005,0.00234076,0.31,0.01,0.770958006,0.051613301,0.0195,0.5134,0.157271996,,0.7917,0.0791
625,0.033518799,,0.5871,0.0178,0.0969,0,,0.38214764,0.1123,,0.4333,0.0111,0.151158005,0.00172316,0.30000001,0.01,0.744720995,0.045244101,0.0295,0.5378,0.151305005,,0.7564,0.0673
626,0.032108299,,0.5676,0.0165,0.0915,0,,0.38602686,0.1087,,0.4333,0.0111,0.144618005,0.00142261,0.28999999,0.01,0.718252003,0.039528001,0.0321,0.5692,0.144510999,,0.7288,0.0508
627,0.030951099,,0.5496,0.0148,0.0863,0.0001,,0.38601688,0.1047,,0.4333,0.0111,0.138446003,0.00150747,0.28,0.01,0.691901028,0.034554999,0.0385,0.5901,0.139286995,,0.6981,0.0427
628,0.0298457,,0.5258,0.0137,0.0814,0,,0.38601688,0.1006,,0.4333,0.0111,0.133209005,0.00171609,0.27000001,0.01,0.665597022,0.030212199,0.0412,0.625,0.132548004,,0.6757,0.0339
629,0.0294964,,0.5083,0.0127,0.0767,0,,0.3879515,0.0977,,0.4333,0.0111,0.128884003,0.00178091,0.27000001,0.01,0.639548004,0.0265282,0.0512,0.6459,0.127400994,,0.6486,0.0266
630,0.0271782,,0.491,0.0118,0.0722,0,,0.3879415,0.0942,,0.4389,0.0111,0.12489,0.0016053,0.25999999,0.01,0.61421901,0.0230747,0.0607,0.6668,0.122327,,0.6221,0.0197
631,0.027364301,,0.4735,0.0108,0.0679,0,,0.3879415,0.0908,,0.4389,0.0111,0.12071,0.00146268,0.25,0.01,0.589900017,0.019766301,0.0665,0.7017,0.117308997,,0.5898,0.0163
632,0.0261303,,0.4572,0.0105,0.0637,0,,0.38598695,0.0887,,0.4417,0.0111,0.115943,0.00134246,0.23999999,0.01,0.566793025,0.016859701,0.0729,0.7192,0.11191,,0.5724,0.0088
633,0.024710201,,0.4377,0.0096,0.0597,0,,0.38597697,0.0852,,0.4417,0.0111,0.110593997,0.00128942,0.23999999,0.01,0.545105994,0.0143709,0.0806,0.7541,0.108149,,0.54,0.0047
634,0.0237334,,0.423,0.0092,0.056,0,,0.3820878,0.0827,,0.4444,0.0111,0.105291001,0.00132125,0.23,0.01,0.52483201,0.0122749,0.0894,0.7855,0.103119999,,0.5212,0.0018
635,0.0230291,,0.4091,0.0088,0.0524,0,,0.3820778,0.0803,,0.4444,,0.100598,0.00137429,0.23,0.01,0.505459011,0.0105556,0.0996,0.8203,0.099760301,,0.492,
636,0.022603,,0.3965,0.0081,0.0491,0,,0.3820778,0.0777,,0.4472,,0.096529998,0.00126349,0.22,0.01,0.486681998,0.00907143,0.1116,0.8448,0.095711797,,0.4727,
637,0.022169299,,0.3852,0.0079,0.046,0,,0.38789165,0.0753,,0.4472,,0.093012199,0.0010867,0.22,,0.468551993,0.00773572,0.1253,0.8779,0.092364699,,0.4586,
638,0.0211407,,0.3754,0.0074,0.0431,0,0.010772244,0.38789165,0.072,,0.4472,,0.089956701,0.000855687,0.20999999,,0.451119989,0.00653586,0.14,0.8988,0.089048997,,0.4331,
639,0.020392301,,0.3637,0.0071,0.0404,0,0.010772244,0.39566007,0.0708,,0.4417,,0.0870189,0.000773183,0.20999999,,0.434450001,0.00548213,0.1561,0.9197,0.085847601,,0.4196,
640,0.019037399,,0.3525,0.0067,0.038,0,0.010762251,0.3995393,0.0679,,0.4417,,0.084104396,0.000889867,0.2,,0.418812007,0.00465559,0.1744,0.9442,0.082475297,,0.4033,
641,0.0188608,,0.3447,0.0067,0.0357,0,0.010752258,0.4034185,0.0653,,0.4389,,0.081242204,0.00107256,0.2,,0.404213011,0.00403111,0.1937,0.9581,0.079654701,,0.3887,
642,0.0177765,,0.3336,0.0062,0.0336,0,0.012690863,0.41702068,0.0633,,0.4333,,0.078325599,0.00112795,0.19,,0.390498012,0.00346943,0.2149,0.9756,0.077429801,,0.3699,
643,0.017697901,,0.3287,0.0063,0.0316,0,0.012690863,0.42090988,0.061,,0.4306,,0.075442202,0.00112913,0.19,,0.377817988,0.00297053,0.2389,0.986,0.075022697,,0.3613,
644,0.0171951,,0.32,0.0062,0.0296,0,0.01268087,0.43839127,0.0586,,0.4194,,0.072653301,0.00115506,0.18000001,,0.366364002,0.00258466,0.2655,1,0.072001897,,0.3424,
645,0.016375599,,0.3116,0.0059,0.0279,0,0.012670877,0.4442151,0.0566,,0.4167,,0.069838896,0.00119278,0.18000001,,0.356014013,0.00221705,0.2933,1,0.0699009,,0.3285,
646,0.0158555,,0.3042,0.0058,0.0263,0,0.016558077,0.46559563,0.0548,,0.4083,,0.066992201,0.00127646,0.17,,0.346417993,0.00188141,0.3236,1,0.067410201,,0.3159,
647,0.0151071,,0.3002,0.0058,0.0248,0,0.016548084,0.47141945,0.0541,,0.4,,0.0642033,0.00138961,0.17,,0.33723399,0.00153892,0.356,1,0.066115603,,0.3063,
648,0.0148826,,0.2937,0.0056,0.0234,0,0.024312494,0.48891082,0.0519,,0.3944,,0.061456699,0.00142379,0.16,,0.328402013,0.00131516,0.3912,0.9965,0.064569101,,0.2969,
649,0.0136985,,0.2876,0.0056,0.022,0,0.024312494,0.49667922,0.0495,,0.3806,,0.058713298,0.00136014,0.16,,0.320060015,0.00110282,0.4274,0.9826,0.062144201,,0.2868,
650,0.013781,,0.2808,0.006,0.0208,,0.028189704,0.51028144,0.0482,,0.3667,,0.056144401,0.0012576,0.15000001,,0.312440991,0.000940707,0.4658,0.9686,0.061104398,,0.2789,
651,0.0129731,,0.2768,,0.02,,0.03401551,0.5277728,,,0.3667,,0.0539422,,0.15000001,,0.305633008,,0.5062,0.9442,0.059776202,,0.2731,
652,0.0127236,,0.2715,,0.018,,0.03401551,0.5530326,,,0.3583,,0.052085601,,0.14,,0.299560994,,0.5485,0.9163,0.057434399,,0.2631,
653,0.0128733,,0.2683,,0.017,,0.043728516,0.5841261,,,0.3389,,0.050452199,,0.14,,0.294059992,,0.5909,0.8745,0.056628902,,0.2571,
654,0.0119521,,0.2611,,0.016,,0.043718524,0.5938391,,,0.3333,,0.048950002,,0.13,,0.288942009,,0.6338,0.8501,0.0546741,,0.2526,
655,0.0114186,,0.2582,,0.015,,0.059267327,0.63271105,,,0.3194,,0.0473633,,0.13,,0.284218997,,0.6776,0.8239,0.054053701,,0.2479,
656,0.0114838,,0.2549,,0.014,,0.06509313,0.65020245,,,0.3167,,0.045543302,,0.12,,0.280000001,,0.7187,0.7786,0.052010201,,0.2444,
657,0.0116143,,0.2475,,0.013,,0.06897034,0.6638046,,,0.3083,,0.043624401,,0.12,,0.276075989,,0.7578,0.7402,0.050818101,,0.243,
658,0.0116796,,0.2423,,0.012,,0.08645775,0.681296,,,0.2944,,0.041701101,,0.11,,0.272220999,,0.7965,0.6879,0.0497346,,0.2372,
659,0.0100733,,0.2389,,0.011,,0.092293546,0.7123896,,,0.2889,,0.039861102,,0.11,,0.268498003,,0.8333,0.6531,0.048074398,,0.2331,
660,0.0101846,,0.2359,,0.009,,0.11366816,0.73182553,,,0.2694,,0.0382744,,0.1,,0.264876008,,0.8668,0.5973,0.047454301,,0.2302,
661,0.0102959,,0.2316,,0.008,,0.12144256,0.7668083,,,0.2667,,0.036958899,,0.1,,0.261213988,,0.8989,0.5624,0.046390001,,0.2236,
662,0.00928073,,0.2266,,0.007,,0.15254018,0.8153932,,,0.2611,,0.035885599,,0.1,,0.257560998,,0.9274,0.5275,0.0439137,,0.2239,
663,0.00865894,,0.2233,,0.006,,0.16614038,0.83677375,,,0.25,,0.034947801,,0.090000004,,0.253991991,,0.9502,0.4717,0.044027001,,0.2222,
664,0.00875106,,0.2186,,0.005,,0.1797406,0.85037595,,,0.2361,,0.03393,,0.090000004,,0.250512987,,0.9695,0.4316,0.041593499,,0.2175,
665,0.00884317,,0.2144,,0.004,,0.21473539,0.8931371,,,0.2333,,0.03286,,0.079999998,,0.246999994,,0.9843,0.3828,0.0409596,,0.2138,
666,0.00856298,,0.2107,,0.003,,0.2283356,0.90673923,,,0.225,,0.031943299,,0.079999998,,0.243303999,,0.9939,0.3584,0.039876301,,0.2157,
667,0.00865126,,0.2043,,0.002,,0.27304342,0.9242207,,,0.2139,,0.031211101,,0.079999998,,0.239382997,,0.9993,0.3131,0.038312301,,0.2173,
668,0.00797958,,0.2017,,0.001,,0.28859222,0.9553142,,,0.2111,,0.030577799,,0.07,,0.235234007,,1,0.2887,0.0380514,,0.2146,
669,0.00729255,,0.1956,,0.0005,,0.33912584,0.96892637,,,0.1972,,0.0299522,,0.07,,0.230985999,,0.9949,0.2643,0.0364113,,0.2137,
670,0.00736547,,0.1928,,0,,0.36051044,0.9864078,,,0.1944,,0.02918,,0.07,,0.226897001,,0.9845,0.2294,0.035033099,,0.2083,
671,0.0074384,,0.1857,,,,0.38772085,0.9941762,,,0.1917,,0.02813,,0.059999999,,0.222857997,,0.9692,0.2085,0.034226101,,0.2069,
672,0.00715053,,0.1835,,,,0.45770046,1,,,0.1833,,0.0268478,,0.059999999,,0.218738005,,0.9496,0.1771,0.0321461,,0.2044,
673,0.00721962,,0.1782,,,,0.47908506,1,,,0.1805,,0.0255011,,0.059999999,,0.214608997,,0.9256,0.1562,0.0322299,,0.2015,
674,0.00688378,,0.1735,,,,0.5490547,0.99999005,,,0.1722,,0.02414,,0.050000001,,0.210253999,,0.8983,0.1318,0.0297473,,0.2005,
675,,,0.1694,,,,0.5685007,0.99999005,,,0.1667,,0.022627801,,0.050000001,,0.205541,,0.8685,0.1178,,,0.1951,
676,,,0.1637,,,,0.6384803,0.9863679,,,0.1667,,0.021085599,,0.050000001,,0.200744003,,0.8365,0.1074,,,0.1958,
677,,,0.1608,,,,0.6598549,0.97858953,,,0.1583,,0.019817799,,0.050000001,,0.196051002,,0.8022,0.0899,,,0.1933,
678,,,0.1571,,,,0.7356703,0.9688665,,,0.15,,0.01874,,0.050000001,,0.191466004,,0.7664,0.0795,,,0.1875,
679,,,0.1502,,,,0.7667679,0.947476,,,0.15,,0.017624401,,0.039999999,,0.186998993,,0.7291,0.0656,,,0.1837,
680,,,0.1478,,,,0.7881525,0.9299747,,,0.1417,,0.0165311,,0.039999999,,0.182609007,,0.6894,0.0586,,,0.1784,
681,,,0.1429,,,,0.81342435,0.89691657,,,0.1417,,0.0155389,,0.039999999,,0.178205997,,0.6482,0.0481,,,0.1783,
682,,,0.1395,,,,0.8367475,0.885249,,,0.1389,,0.0145989,,0.039999999,,0.173639998,,0.6054,0.0446,,,0.1706,
683,,,0.1344,,,,0.87950677,0.8444225,,,0.1305,,0.0137789,,0.039999999,,0.168846995,,0.5617,0.0342,,,0.1656,
684,,,0.1283,,,,0.912543,0.82692116,,,0.1305,,0.0131622,,0.029999999,,0.163975999,,0.517,0.0307,,,0.1623,
685,,,0.1246,,,,0.9475378,0.7666487,,,0.125,,0.0126011,,0.029999999,,0.159133002,,0.4722,0.029,,,0.1567,
686,,,0.1213,,,,0.95918936,0.74720275,,,0.125,,0.0119389,,0.029999999,,0.154312,,0.4297,0.0255,,,0.1539,
687,,,0.1174,,,,0.9727996,0.71804386,,,0.125,,0.0112267,,0.029999999,,0.149555996,,0.3891,0.022,,,0.1473,
688,,,0.1143,,,,0.9941742,0.67332816,,,0.1222,,0.0105878,,0.029999999,,0.144860998,,0.3508,0.0185,,,0.1455,
689,,,0.109,,,,0.9961128,0.60138816,,,0.1167,,0.0100422,,0.029999999,,0.140254006,,0.3172,0.015,,,0.1381,
690,,,0.1066,,,,1,0.5663954,,,0.1139,,0.00966444,,0.02,,0.135957003,,0.2878,0.015,,,0.1385,
691,,,0.1015,,,,0.99999,0.5450049,,,0.1139,,0.00946556,,0.02,,0.132058993,,0.2615,0.0116,,,0.1283,
692,,,0.1002,,,,0.99999,0.47890863,,,0.1111,,0.00913889,,0.02,,0.128431007,,0.239,0.0116,,,0.1283,
693,,,0.0966,,,,0.99998003,0.4575181,,,0.1111,,0.00853778,,0.02,,0.124958999,,0.2205,0.0116,,,0.1237,
694,,,0.0934,,,,0.99997,0.38753265,,,0.1083,,0.00783667,,0.02,,0.121533997,,0.2041,0.0116,,,0.1184,
695,,,0.0901,,,,0.99413425,0.36030835,,,0.1083,,0.00711556,,0.02,,0.117973998,,0.1908,,,,0.1169,
696,,,0.0863,,,,0.9863498,0.32142642,,,0.1083,,0.00647444,,0.02,,0.114313997,,0.1789,,,,0.1137,
697,,,0.0828,,,,0.9649552,0.29809132,,,0.1028,,0.00618,,0.02,,0.110798001,,0.1683,,,,0.1034,
698,,,0.081,,,,0.95911944,0.2630886,,,0.1,,0.00628444,,0.02,,0.107516997,,0.1589,,,,0.1042,
699,,,0.0773,,,,0.92411464,0.24170806,,,0.0972,,0.00653333,,0.02,,0.104393996,,0.1507,,,,0.1007,
700,,,0.0754,,,,0.91244304,0.22808592,,,0.0972,,,,0.02,,0.101342,,0.1423,,,,0.0962,
701,,,0.0743,,,,0.89688426,0.1930932,,,0.0944,,,,,,0.098303303,,0.135,,,,0.0938,
702,,,0.0694,,,,0.8618894,0.18337023,,,0.0944,,,,,,0.095257796,,0.1285,,,,0.09,
703,,,0.0661,,,,0.84438205,0.15225673,,,0.0889,,,,,,0.092249997,,0.1219,,,,0.0889,
704,,,0.0658,,,,0.795777,0.14253376,,,0.0861,,,,,,0.089418903,,0.1157,,,,0.0792,
705,,,0.0628,,,,0.7607722,0.12503241,,,0.0861,,,,,,0.086764403,,0.1102,,,,0.0762,
706,,,0.0625,,,,0.7393777,0.11335487,,,0.0861,,,,,,0.084174402,,0.1046,,,,0.0775,
707,,,0.0591,,,,0.72576743,0.10752109,,,0.0833,,,,,,0.081632197,,0.0993,,,,0.0764,
708,,,0.0587,,,,0.68104964,0.09196434,,,0.0805,,,,,,0.079175599,,0.0944,,,,0.0702,
709,,,0.0543,,,,0.66742945,0.08613056,,,0.0805,,,,,,0.076891102,,0.0895,,,,0.0683,
710,,,0.0549,,,,0.64603484,0.072508425,,,0.075,,,,,,0.074885599,,0.0852,,,,0.0657,
711,,,0.0535,,,,0.5974299,0.06473005,,,0.075,,,,,,0.073105603,,0.0815,,,,0.0588,
712,,,0.0508,,,,0.5624251,0.060840864,,,0.0722,,,,,,0.0714022,,0.0778,,,,0.0628,
713,,,0.0504,,,,0.5410404,0.05499711,,,0.0694,,,,,,0.069666699,,0.0743,,,,0.0587,
714,,,0.0466,,,,0.5274203,0.05110792,,,0.0694,,,,,,0.067878902,,0.0712,,,,0.0582,
715,,,0.0471,,,,0.49241546,0.04331957,,,0.0667,,,,,,0.06611,,0.0682,,,,0.0549,
716,,,0.0455,,,,0.47880527,0.041374978,,,0.0667,,,,,,0.064452201,,0.0651,,,,0.0556,
717,,,0.0437,,,,0.44768766,0.03358663,,,0.0667,,,,,,0.062876701,,0.0624,,,,0.053,
718,,,0.0442,,,,0.43991327,0.03358663,,,0.0611,,,,,,0.061328899,,0.0599,,,,0.0495,
719,,,0.0424,,,,0.40490848,0.02968747,,,0.0583,,,,,,0.0597989,,0.0577,,,,0.0485,
720,,,0.0418,,,,0.39518547,0.027732903,,,0.0583,,,,,,0.058284398,,0.0552,,,,0.0432,
721,,,0.0399,,,,0.37379086,0.027732903,,,0.0583,,,,,,0.056746699,,0.0502,,,,0.0464,
722,,,0.0404,,,,0.36405787,0.023833742,,,0.0556,,,,,,0.055168901,,0.0478,,,,0.0431,
723,,,0.0408,,,,0.3562835,0.023833742,,,0.0556,,,,,,0.053655598,,0.042,,,,0.0447,
724,,,0.0365,,,,0.3368275,0.02382377,,,0.0528,,,,,,0.0523367,,0.0396,,,,0.0426,
725,,,0.0357,,,,0.32905307,0.023813797,,,0.0528,,,,,,0.051187798,,0.0353,,,,0.0419,
726,,,0.0361,,,,0.3076585,0.01992461,,,0.0472,,,,,,0.050203301,,0.0332,,,,0.0395,
727,,,0.0327,,,,0.2979255,0.016025448,,,0.0472,,,,,,0.049383301,,0.029,,,,0.0364,
728,,,0.0306,,,,0.2882025,0.016025448,,,0.0472,,,,,,0.048568901,,0.0277,,,,0.0375,
729,,,0.0309,,,,0.2804181,0.016015477,,,0.0444,,,,,,0.047663301,,0.0251,,,,0.0344,
730,,,0.0313,,,,0.2726337,0.016005505,,,0.0444,,,,,,0.046780001,,0.0213,,,,0.0353,
731,,,0.0317,,,,0.2629107,0.012116317,,,0.0444,,,,,,0.045984399,,0.02,,,,0.037,
732,,,0.0307,,,,0.2590135,0.012106344,,,0.0417,,,,,,0.045211099,,0.0155,,,,0.0332,
733,,,0.0284,,,,0.24929051,0.012106344,,,0.0389,,,,,,0.044436701,,0.0099,,,,0.0361,
734,,,0.026,,,,0.24150611,0.012096372,,,0.0389,,,,,,0.043645602,,0,,,,0.0315,
735,,,0.0264,,,,0.23566031,0.0120864,,,0.0389,,,,,,0.042801101,,,,,,0.0344,
736,,,0.0267,,,,0.23177312,0.0120864,,,0.0333,,,,,,0.041955601,,,,,,0.031,
737,,,0.027,,,,0.23176312,0.012076428,,,0.0333,,,,,,0.0412056,,,,,,0.0314,
738,,,0.0273,,,,0.22204013,0.012066455,,,0.0333,,,,,,0.040594399,,,,,,0.0278,
739,,,0.0276,,,,0.22203013,0.012066455,,,0.0333,,,,,,0.040056702,,,,,,0.0308,
740,,,0.0266,,,,0.21813294,0.010111889,,,0.0306,,,,,,0.039475601,,,,,,0.0292,
741,,,0.0209,,,,0.21424574,0.012046511,,,0.0306,,,,,,0.038786702,,,,,,0.0274,
742,,,0.0227,,,,0.21423575,0.012046511,,,0.0306,,,,,,0.037991099,,,,,,0.0313,
743,,,0.0214,,,,0.21033856,0.012036538,,,0.0306,,,,,,0.037135601,,,,,,0.0281,
744,,,0.0217,,,,0.20644136,0.012036538,,,0.0278,,,,,,0.036283299,,,,,,0.0278,
745,,,0.0219,,,,0.20644136,0.012026566,,,0.0278,,,,,,0.035504401,,,,,,0.0259,
746,,,0.019,,,,0.20643137,0.012016594,,,0.0278,,,,,,0.034782201,,,,,,0.0269,
747,,,0.0159,,,,0.20448276,0.012006622,,,0.0278,,,,,,0.034052201,,,,,,0.0263,
748,,,0.0159,,,,0.20447278,0.012006622,,,0.0278,,,,,,0.033304401,,,,,,0.0234,
749,,,0.0144,,,,0.20447278,,,,,,,,,,0.0325622,,,,,,0.0272,
750,,,,,,,0.20057559,,,,,,,,,,,,,,,,,
751,,,,,,,0.20056559,,,,,,,,,,,,,,,,,
752,,,,,,,0.1966684,,,,,,,,,,,,,,,,,
753,,,,,,,0.1966684,,,,,,,,,,,,,,,,,
754,,,,,,,0.1966584,,,,,,,,,,,,,,,,,
755,,,,,,,0.1966584,,,,,,,,,,,,,,,,,
756,,,,,,,0.19276121,,,,,,,,,,,,,,,,,
757,,,,,,,0.19080262,,,,,,,,,,,,,,,,,
758,,,,,,,0.19080262,,,,,,,,,,,,,,,,,
759,,,,,,,0.18690543,,,,,,,,,,,,,,,,,
760,,,,,,,0.18690543,,,,,,,,,,,,,,,,,
761,,,,,,,0.18300822,,,,,,,,,,,,,,,,,
762,,,,,,,0.18299824,,,,,,,,,,,,,,,,,
763,,,,,,,0.17910105,,,,,,,,,,,,,,,,,
764,,,,,,,0.17520384,,,,,,,,,,,,,,,,,
765,,,,,,,0.17325526,,,,,,,,,,,,,,,,,
766,,,,,,,0.16936806,,,,,,,,,,,,,,,,,
767,,,,,,,0.16935806,,,,,,,,,,,,,,,,,
768,,,,,,,0.16157366,,,,,,,,,,,,,,,,,
769,,,,,,,0.16157366,,,,,,,,,,,,,,,,,
770,,,,,,,0.15572788,,,,,,,,,,,,,,,,,
771,,,,,,,0.15183067,,,,,,,,,,,,,,,,,
772,,,,,,,0.14794348,,,,,,,,,,,,,,,,,
773,,,,,,,0.14404629,,,,,,,,,,,,,,,,,
774,,,,,,,0.1420977,,,,,,,,,,,,,,,,,
775,,,,,,,0.1382005,,,,,,,,,,,,,,,,,
776,,,,,,,0.1381905,,,,,,,,,,,,,,,,,
777,,,,,,,0.13040611,,,,,,,,,,,,,,,,,
778,,,,,,,0.1265189,,,,,,,,,,,,,,,,,
779,,,,,,,0.12456032,,,,,,,,,,,,,,,,,
780,,,,,,,0.12067312,,,,,,,,,,,,,,,,,
781,,,,,,,0.11677592,,,,,,,,,,,,,,,,,
782,,,,,,,0.10899153,,,,,,,,,,,,,,,,,
783,,,,,,,0.10899153,,,,,,,,,,,,,,,,,
784,,,,,,,0.10314574,,,,,,,,,,,,,,,,,
785,,,,,,,0.09924854,,,,,,,,,,,,,,,,,
786,,,,,,,0.09536134,,,,,,,,,,,,,,,,,
787,,,,,,,0.09146415,,,,,,,,,,,,,,,,,
788,,,,,,,0.08951555,,,,,,,,,,,,,,,,,
789,,,,,,,0.085618354,,,,,,,,,,,,,,,,,
790,,,,,,,0.08560836,,,,,,,,,,,,,,,,,
791,,,,,,,0.081721164,,,,,,,,,,,,,,,,,
792,,,,,,,0.07782397,,,,,,,,,,,,,,,,,
793,,,,,,,0.07587537,,,,,,,,,,,,,,,,,
794,,,,,,,0.071978174,,,,,,,,,,,,,,,,,
795,,,,,,,0.07196818,,,,,,,,,,,,,,,,,
796,,,,,,,0.068070985,,,,,,,,,,,,,,,,,
797,,,,,,,0.06418379,,,,,,,,,,,,,,,,,
798,,,,,,,0.064173795,,,,,,,,,,,,,,,,,
