Wavelength,ATTO465 EM,ATTO465 EX,Cy3 EM,Cy3 EX,Cy5 EM,Cy5 EX,Cy5.5 EM,Cy5.5 EX,HEX EM,HEX EX,JOE EM,JOE EX,ROX EM,ROX EX,TAMRA EM,TAMRA EX,TexasRed EM,TexasRed EX,Rhodamine6G EM,Rhodamine6G EX
250,,,,,,,,,,,,0.4931,,0.2281,,,,,,
251,,,,,,,,,,,,0.4814,,0.225,,,,,,
252,,,,,,,,,,,,0.4646,,0.2234,,,,,,
253,,,,,,,,,,,,0.4345,,0.2242,,,,,,
254,,,,,,,,,,,,0.4101,,0.227,,,,,,
255,,,,,,,,,,,,0.3847,,0.2321,,,,,,
256,,,,,,,,,,,,0.3512,,0.2386,,,,,,
257,,,,,,,,,,,,0.3283,,0.2472,,,,,,
258,,,,,,,,,,,,0.3075,,0.2556,,,,,,
259,,,,,,,,,,,,0.2831,,0.2652,,,,,,
260,,,,,,,,,,,,0.268,,0.2757,,,,,,
261,,,,,,,,,,,,0.255,,0.2857,,,,,,
262,,,,,,,,,,,,0.2398,,0.2961,,,,,,
263,,,,,,,,,,,,0.2307,,0.3058,,,,,,
264,,,,,,,,,,,,0.223,,0.3147,,,,,,
265,,,,,,,,,,,,0.2142,,0.3221,,,,,,
266,,,,,,,,,,,,0.2091,,0.3278,,,,,,
267,,,,,,,,,,,,0.2045,,0.331,,,,,,
268,,,,,,,,,,,,0.1991,,0.3303,,,,,,
269,,,,,,,,,,,,0.1959,,0.3258,,,,,,
270,,,,,,,,,,,,0.1938,,0.317,,,,,,
271,,,,,,,,,,,,0.1915,,0.3057,,,,,,
272,,,,,,,,,,,,0.1904,,0.2928,,,,,,
273,,,,,,,,,,,,0.1901,,0.278,,,,,,
274,,,,,,,,,,,,0.1901,,0.2632,,,,,,
275,,,,,,,,,,,,0.1904,,0.2498,,,,,,
276,,,,,,,,,,,,0.1911,,0.2366,,,,,,
277,,,,,,,,,,,,0.1924,,0.2249,,,,,,
278,,,,,,,,,,,,0.1936,,0.2151,,,,,,
279,,,,,,,,,,,,0.1948,,0.2066,,,,,,
280,,,,,,,,,,,,0.1966,,0.1987,,,,,,
281,,,,,,,,,,,,0.1985,,0.1921,,,,,,
282,,,,,,,,,,,,0.2001,,0.1861,,,,,,
283,,,,,,,,,,,,0.202,,0.1816,,,,,,
284,,,,,,,,,,,,0.2033,,0.1777,,,,,,
285,,,,,,,,,,,,0.204,,0.1738,,,,,,
286,,,,,,,,,,,,0.2038,,0.1706,,,,,,
287,,,,,,,,,,,,0.2027,,0.17,,,,,,
288,,,,,,,,,,,,0.2006,,0.1678,,,,,,
289,,,,,,,,,,,,0.1964,,0.1672,,,,,,
290,,,,,,,,,,,,0.1925,,0.168,,,,,,
291,,,,,,,,,,,,0.1876,,0.1694,,,,,,
292,,,,,,,,,,,,0.1794,,0.1712,,,,,,
293,,,,,,,,,,,,0.1725,,0.1743,,,,,,
294,,,,,,,,,,,,0.1649,,0.1776,,,,,,
295,,,,,,,,,,,,0.1535,,0.1813,,,,,,
296,,,,,,,,,,,,0.1445,,0.185,,,,,,
297,,,,,,,,,,,,0.1357,,0.1886,,,,,,
298,,,,,,,,,,,,0.1233,,0.1922,,,,,,
299,,,,,,,,,,,,0.1143,,0.1949,,,,,,
300,,0.191642428,,,,,,,,0.150251999,,0.1059,,0.1969,,,,,,
301,,0.170527276,,,,,,,,0.147851005,,0.0951,,0.1979,,,,,,
302,,0.150273595,,,,,,,,0.143803999,,0.0879,,0.1988,,,,,,
303,,0.130881387,,,,,,,,0.138025999,,0.0816,,0.1981,,,,,,
304,,0.11235065,,,,,,,,0.131047994,,0.0737,,0.1969,,,,,,
305,,0.093255411,,,,,,,,0.123217002,,0.0689,,0.1965,,,,,,
306,,0.076199134,,,,,,,,0.114831001,,0.0649,,0.1938,,,,,,
307,,0.061709957,,,,,,,,0.106973998,,0.0598,,0.192,,,,,,
308,,0.049510822,,,,,,,,0.098835997,,0.0566,,0.1909,,,,,,
309,,0.039580086,,,,,,,,0.091287203,,0.054,,0.1898,,,,,,
310,,0.031683983,,,,,,,,0.0844208,,0.0513,,0.1884,,,,,,
311,,0.025329005,,,,,,,,0.078363799,,0.0499,,0.188,,,,,,
312,,0.020000001,,,,,,,,0.072781302,,0.0482,,0.1865,,,,,,
313,,0.015398269,,,,,,,,0.0676594,,0.0466,,0.1852,,,,,,
314,,0.011952381,,,,,,,,0.063067801,,0.0459,,0.1841,,,,,,
315,,0.009290043,,,,,,,,0.059202,,0.0452,,0.1805,,,,,,
316,,0.007506494,,,,,,,,0.055866499,,0.0447,,0.1767,,,,,,
317,,0.006679654,,,,,,,,0.052544899,,0.0443,,0.1726,,,,,,
318,,0.006441559,,,,,,,,0.050311901,,0.0438,,0.1662,,,,,,
319,,0.006445888,,,,,,,,0.048386,,0.0434,,0.1589,,,,,,
320,,0.006458875,,,,,,,,0.046990398,,0.0436,,0.1519,,,,,,
321,,0.006220779,,,,,,,,0.045999501,,0.0438,,0.144,,,,,,
322,,0.006108225,,,,,,,,0.045566801,,0.0443,,0.135,,,,,,
323,,0.006077922,,,,,,,,0.045287699,,0.0448,,0.1272,,,,,,
324,,0.006419914,,,,,,,,0.044855099,,0.0454,,0.1194,,,,,,
325,,0.007,,,,,,,,0.044785298,,0.0466,,0.1108,,,,,,
326,,0.007489178,,,,,,,,0.044896901,,0.0478,,0.1041,,,,,,
327,,0.007800866,,,,,,,,0.0447434,,0.0485,,0.0967,,,,,,
328,,0.008,,,,,,,,0.0443247,,0.0501,,0.0905,,,,,,
329,,0.008108225,,,,,,,,0.044645701,,0.0519,,0.0848,,,,,,
330,,0.008571429,,,,,,,,0.0447434,,0.0529,,0.0802,,,,,,
331,,0.009168831,,,,,,,,0.0450923,,0.0543,,0.0767,,,,,,
332,,0.009632034,,,,,,,,0.045580801,,0.0556,,0.0736,,,,,,
333,,0.010116883,,,,,,,,0.046069302,,0.0566,,0.0692,,,,,,
334,,0.010402597,,,,,,,,0.0471997,,0.0584,,0.067,,,,,,
335,,0.010510822,,,,,,,,0.047911499,,0.0589,,0.065,,,,,,
336,,0.010705628,,,,,,,,0.049265198,,0.0598,,0.0623,,,,,,
337,,0.011160173,,,,,,,,0.050716698,,0.0612,,0.0601,,,,,,
338,,0.012138528,,,,,,,,0.052265801,,0.0622,,0.0589,,,,,,
339,,0.013,,,,,,,,0.053354401,,0.0626,,0.0571,,,,,,
340,,0.013770563,,,,,,,,0.054289401,,0.0633,,0.0559,,,,,,
341,,0.014718615,,,,,,,,0.054931398,,0.0647,,0.0553,,,,,,
342,,0.015402598,,,,,,,,0.0548058,,0.0665,,0.0558,,,,,,
343,,0.016000001,,,,,,,,0.0538847,,0.0693,,0.0555,,,,,,
344,,0.016597403,,,,,,,,0.052265801,,0.0714,,0.056,,,,,,
345,,0.017281386,,,,,,,,0.0499072,,0.0737,,0.0566,,,,,,
346,,0.018229437,,,,,,,,0.047060098,,0.0767,,0.0577,,,,,,
347,,0.018909091,,,,,,,,0.043668799,,0.0797,,0.0585,,,,,,
348,,0.01964935,,,,,,,,0.0399983,,0.0816,,0.06,,,,,,
349,,0.020645021,,,,,,,,0.036397599,,0.0828,,0.0614,,,,,,
350,,0.021761905,,,,,,,,0.0326434,,0.0837,,0.063,,,,,,
351,,0.023246754,,,,,,,,0.0290986,,0.0842,,0.0638,,,,,,
352,,0.024878788,,,,,,,,0.026042201,,0.083,,0.0648,,,,,,
353,,0.026770563,,,,,,,,0.022985799,,0.0819,,0.0665,,,,,,
354,,0.028748918,,,,,,,,0.0205993,,0.0797,,0.0674,,,,,,
355,,0.03026407,,,,,,,,0.018296501,,0.0758,,0.0684,,,,,,
356,,0.031627706,,,,,,,,0.016175199,,0.0726,,0.07,,,,,,
357,,0.033060606,,,,,,,,0.0144865,,0.0686,,0.0713,,,,,,
358,,0.034359308,,,,,,,,0.0130337,,0.0626,,0.0733,,,,,,
359,,0.035939394,,,,,,,,0.0121837,,0.0589,,0.0755,,,,,,
360,,0.037645021,,,,,,,,0.011151,,0.0547,,0.0776,,,,,,
361,,0.039653679,,,,,,,,0.0102857,,0.0487,,0.0802,,,,,,
362,,0.041675324,,,,,,,,0.00992282,,0.0443,,0.0835,,,,,,
363,,0.043709957,,,,,,,,0.00953205,,0.0403,,0.0861,,,,,,
364,,0.046138528,,,,,,,,0.00902963,,0.0353,,0.0891,,,,,,
365,,0.048541126,,,,,,,,0.00887611,,0.0322,,0.0928,,,,,,
366,,0.05074026,,,,,,,,0.00870864,,0.0292,,0.095,,,,,,
367,,0.053134199,,,,,,,,0.00895985,,0.0255,,0.0975,,,,,,
368,,0.055653679,,,,,,,,0.00895985,,0.0234,,0.0993,,,,,,
369,,0.058277057,,,,,,,,0.0089738,,0.0218,,0.1004,,,,,,
370,,0.060848486,,,,,,,,0.00898776,,0.02,,0.1004,,,,,,
371,,0.063696971,,,,,,,,0.00935062,,0.0186,,0.1002,,,,,,
372,,0.067108227,,,,,,,,0.00943436,,0.0176,,0.0987,,,,,,
373,,0.070419915,,,,,,,,0.00961579,,0.0165,,0.0964,,,,,,
374,,0.073878789,,,,,,,,0.00981117,,0.0164,,0.0937,,,,,,
375,,0.077506494,,,,,,,,0.0102578,,0.016,,0.0905,,,,,,
376,,0.081190478,,,,,,,,0.0103834,,0.0156,,0.0868,,,,,,
377,,0.085108226,,,,,,,,0.0108021,,0.0156,,0.0829,,,,,,
378,,0.089017317,,,,,,,,0.0110533,,0.0155,,0.0787,,,,,,
379,,0.093251083,,,,,,,,0.0111231,,0.0153,,0.0746,,,,,,
380,,0.097675325,,,,,,,,0.0116255,,0.0151,,0.0714,,,,,,
381,,0.102203463,,,,,,,,0.0118627,,0.0153,,0.0673,,,,,,
382,,0.106705627,,,,,,,,0.0125466,,0.0155,,0.0634,,,,,,
383,,0.111112554,,,,,,,,0.0130071,,0.0156,,0.0608,,,,,,
384,,0.115645021,,,,,,,,0.0129374,,0.016,,0.0564,,,,,,
385,,0.120389611,,,,,,,,0.0137608,,0.0164,,0.0545,,,,,,
386,,0.125298703,,,,,,,,0.0139003,,0.0165,,0.0521,,,,,,
387,,0.13070563,,,,,,,,0.0142074,,0.0165,,0.05,,,,,,
388,,0.13619048,,,,,,,,0.0144725,,0.0167,,0.0485,,,,,,
389,,0.141909092,,,,,,,,0.0150168,,0.0167,,0.0471,,,,,,
390,,0.147597403,,,,,,,,0.0155192,,0.0165,,0.0458,,,,,,
391,,0.153190476,,,,,,,,0.015770501,,0.0169,,0.0447,,,,,,
392,,0.159017315,,,,,,,,0.0160356,,0.0169,,0.0439,,,,,,
393,,0.164896104,,,,,,,,0.0164124,,0.0169,,0.0432,,,,,,
394,,0.171177489,,,,,,,,0.016635699,,0.0167,,0.0427,,,,,,
395,,0.178125543,,,,,,,,0.0171382,,0.0171,,0.0424,,,,,,
396,,0.185389614,,,,,,,,0.017319599,,0.0171,,0.0419,,,,,,
397,,0.192818183,,,,,,,,0.017808,,0.0167,,0.0418,,,,,,
398,,0.20027706,,,,,,,,0.0182686,,0.0169,,0.0412,,,,,,
399,,0.207787881,,,,,,,,0.018575599,,0.0169,,0.0415,,,,,,
400,,0.215528139,,0.0019,,,,,,0.018966399,,0.0169,,0.0415,,,0,0.022,,0.0298
401,,0.223497834,,0.002,,,,,,0.0191758,,0.0169,,0.0412,,,0,0.0064,,0.0294
402,,0.2318961,,0.0019,,,,,,0.019566501,,0.0169,,0.0411,,,0,0.0057,,0.029
403,,0.240787876,,0.0019,,,,,,0.0201666,,0.0174,,0.0412,,,0,0.0064,,0.029
404,,0.249909091,,0.0022,,,,,,0.020278299,,0.0174,,0.0413,,,0,0.0051,,0.0288
405,,0.258909095,,0.0021,,,,,,0.020501601,,0.0172,,0.0418,,,0,0.0063,,0.0287
406,,0.267787885,,0.0025,,,,,,0.021031899,,0.0174,,0.0423,,,0,0.0043,,0.0283
407,,0.276896113,,0.0021,,,,,,0.021157499,,0.0174,,0.0426,,,0,0.0055,,0.028
408,,0.286406934,,0.002,,,,,,0.0216181,,0.0174,,0.0427,,,0,0.0049,,0.0276
409,,0.296316024,,0.0024,,,,,,0.021883201,,0.0178,,0.0435,,,0,0.0036,,0.027
410,,0.306683984,,0.0024,,,,,,0.0220368,,0.0181,,0.0438,,,0,0.0036,,0.0267
411,,0.317593071,,0.003,,,,,,0.0221205,,0.0181,,0.0443,,,0,0.0018,,0.0262
412,,0.329194801,,0.0024,,,,,,0.0223577,,0.0185,,0.0446,,,0,0.0018,,0.026
413,,0.341242421,,0.0027,,,,,,0.022427499,,0.0188,,0.0454,,,0,0.0035,,0.0255
414,,0.354043286,,0.0027,,,,,,0.022595,,0.019,,0.0456,,,0,0.0018,,0.0251
415,,0.367748918,,0.0031,,,,,,0.0227904,,0.0193,,0.0463,,,0,0.0012,,0.0247
416,,0.382445885,,0.0031,,,,,,0.0227206,,0.0197,,0.0463,,,0,0.0006,,0.0245
417,,0.397870131,,0.0031,,,,,,0.0227904,,0.02,,0.0468,,,0,0.0005,,0.0243
418,,0.413935063,,0.0033,,,,,,0.0227485,,0.0204,,0.0471,,,0,0.0011,,0.0241
419,,0.430640691,,0.0035,,,,,,0.0228462,,0.0209,,0.0473,,,0,0.0022,,0.0238
420,,0.448164504,,0.0037,,,,,,0.022692701,,0.0211,,0.0472,,,0,0.0033,,0.0237
421,,0.466242423,,0.0037,,,,,,0.022860199,,0.0211,,0.0472,,,0,0.0028,,0.0234
422,,0.485164503,,0.004,,,,,,0.023027699,,0.0215,,0.0477,,,0,0.0028,,0.0232
423,,0.504822506,,0.0044,,,,,,0.0230974,,0.0218,,0.0475,,,0,0.0028,,0.0235
424,,0.525177476,,0.0045,,,,,,0.023069501,,0.0222,,0.047,,,0,0.0039,,0.0238
425,,0.546017307,,0.0051,,,,,,0.0230137,,0.0227,,0.0471,,,0,0.0039,,0.0236
426,,0.566999995,,0.005,,,,,,0.0233486,,0.0229,,0.047,,,0,0.0039,,0.0239
427,,0.587891772,,0.0053,,,,,,0.023488199,,0.0234,,0.0465,,,0,0.0044,,0.0239
428,,0.608701304,,0.0057,,,,,,0.023488199,,0.0239,,0.0461,,,0,0.0044,,0.0243
429,,0.629103906,,0.0058,,,,,,0.023488199,,0.0244,,0.0464,,,0,0.0038,,0.0252
430,,0.649194823,,0.0058,,,,,,0.023920801,,0.0251,,0.0461,,,0,0.0044,,0.0252
431,,0.668822532,,0.006,,,,,,0.0241441,,0.0257,,0.0456,,,0,0.006,,0.0258
432,,0.688056293,,0.006,,,,,,0.024004599,,0.0266,,0.0454,,,0,0.0054,,0.0265
433,,0.706852825,,0.0073,,,,,,0.0244093,,0.0274,,0.0446,,,0,0.0048,,0.0275
434,,0.725147196,,0.0079,,,,,,0.024646601,,0.0283,,0.0448,,,0,0.0032,,0.0284
435,,0.742852809,,0.0078,,,,,,0.024842,,0.0295,,0.0447,,,0,0.0047,,0.0296
436,,0.760056271,,0.0088,,,,,,0.025023401,,0.0309,,0.0444,,,0,0.0052,,0.0308
437,,0.776640684,,0.0087,,,,,,0.025232701,,0.0324,,0.0439,,,0,0.0056,,0.0324
438,,0.793043287,,0.0095,,,,,,0.0258328,,0.0338,,0.0442,,,0,0.0035,,0.0337
439,,0.809168834,,0.0097,,,,,,0.0259584,,0.0355,,0.0434,,,0,0.0035,,0.0355
440,0.001115152,0.825432902,,0.0104,,,,,,0.026628301,,0.0375,,0.0435,,,0,0.003,,0.0374
441,0.000912121,0.841584412,,0.0108,,,,,,0.0271866,,0.0394,,0.0436,,,0,0.0041,,0.0397
442,0.0008671,0.858173152,,0.0118,,,,,,0.0276192,,0.042,,0.043,,,0,0.0025,,0.0412
443,0.000980087,0.874844143,,0.0122,,,,,,0.028317001,,0.0441,,0.0428,,,0,0.0025,,0.0435
444,0.001251082,0.89175756,,0.0129,,,,,,0.0290707,,0.0464,,0.0426,,,0,0.0025,,0.0457
445,0.001554113,0.908636346,,0.0136,,,,,,0.029796399,,0.0498,,0.0423,,,0,0.003,,0.0481
446,0.002038961,0.925562764,,0.0149,,,,,,0.031261802,,0.0522,,0.0423,,,0,0.0015,,0.0506
447,0.003034632,0.941826837,,0.015,,,,,,0.032517798,,0.0547,,0.042,,,0,0.001,,0.0535
448,0.004406926,0.957099573,,0.0163,,,,,,0.033941399,,0.0582,,0.0417,,,0,0.0028,,0.0568
449,0.006359307,0.970567103,,0.0175,,,,,,0.035169501,,0.0608,,0.0415,,,0,0.004,,0.0601
450,0.008675325,0.982238092,,0.0183,,,,,,0.036481399,,0.0637,,0.0412,0,0.0166,0,0.0043,,0.0638
451,0.011004329,0.991077927,,0.0186,,,,,,0.038714401,,0.0672,,0.0406,0,0.0174,0,0.0034,,0.0676
452,0.013103896,0.997207787,,0.0207,,,,,,0.040431,,0.07,,0.0404,0,0.018,0,0.0039,,0.0717
453,0.014991342,0.999614712,,0.0218,,,,,,0.0427198,,0.0728,,0.0403,0,0.0183,0,0.0022,,0.076
454,0.016991342,0.99825974,,0.0243,,,,,,0.044645701,,0.0767,,0.0395,0,0.0189,0,0.0036,,0.0804
455,0.019645022,0.992168833,,0.0252,,,,,,0.047116,,0.0798,,0.0392,0,0.0193,0,0.0022,,0.085
456,0.023138529,0.981316027,,0.0261,,,,,,0.049767599,,0.083,,0.039,0,0.02,0,0.0022,,0.0897
457,0.027969698,0.965471874,,0.0274,,,,,,0.0523495,,0.0874,,0.0383,0,0.0212,0,0.0039,,0.095
458,0.033818183,0.94448486,,0.0291,,,,,,0.054973301,,0.0906,,0.038,0,0.0221,0,0.003,,0.1
459,0.040787879,0.918372316,,0.0307,,,,,,0.057722598,,0.0943,,0.0378,0,0.0229,0,0.0025,,0.1051
460,0.048987013,0.887653695,,0.0325,,,,,,0.0603185,,0.0995,,0.0378,0,0.0234,0,0.0032,,0.1113
461,0.058437229,0.852129877,,0.0341,,,,,,0.063193403,,0.1037,,0.0381,0,0.0246,0,0.0039,,0.1172
462,0.069268397,0.812792205,,0.0357,,,,,,0.065510198,,0.1083,,0.0378,0,0.0264,0,0.0042,,0.1235
463,0.081432901,0.76971428,,0.0374,,,,,,0.068106003,,0.115,,0.0375,0,0.0276,0,0.0037,,0.1303
464,0.094948051,0.724160165,,0.0413,,,,,,0.070646003,,0.1205,,0.0375,0,0.0289,0,0.0044,,0.1365
465,0.109943721,0.676857134,,0.0432,,,,,,0.073214002,,0.1261,,0.0377,0,0.0307,0,0.0035,,0.1438
466,0.126285712,0.628445881,,0.0468,,,,,,0.075823799,,0.1347,,0.0378,0,0.033,0,0.0056,,0.1506
467,0.144285711,0.579943725,,0.0488,,,,,,0.078642897,,0.1416,,0.0381,0,0.0356,0,0.0063,,0.1577
468,0.16403463,0.532060611,,0.0506,,,,,,0.081238702,,0.1491,,0.0384,0,0.0382,0,0.0056,,0.1654
469,0.184978354,0.485134204,,0.0543,,,,,,0.084043898,,0.1604,,0.0389,0,0.0403,0,0.0052,,0.1736
470,0.207385285,0.440151522,,0.0594,,,,,,0.087114297,,0.1692,,0.0392,0,0.0435,0,0.0041,,0.1818
471,0.23101732,0.397064946,,0.0615,,,,,,0.090659201,,0.1785,,0.0402,0,0.0452,0,0.0039,,0.1903
472,0.255792211,0.356519485,,0.0669,,,,,,0.094078399,,0.1918,,0.0406,0,0.0486,0,0.0029,,0.1997
473,0.281826843,0.318497838,,0.07,,,,,,0.098055899,,0.2022,,0.0416,0,0.0509,0,0.0033,,0.2096
474,0.308861474,0.283277055,,0.0765,,,,,,0.102242999,,0.2129,,0.0424,0,0.0539,0,0.0023,,0.2204
475,0.337012989,0.250917743,,0.0813,,,,,,0.107504003,,0.2284,,0.0435,0,0.0561,0,0.0016,,0.2315
476,0.365822517,0.221415578,,0.0864,,,,,,0.112905003,,0.2398,,0.0445,0,0.0582,0,0.0008,,0.2435
477,0.395147196,0.194748914,,0.0914,,,,,,0.118947998,,0.2513,,0.046,0,0.061,0,0.0004,,0.2563
478,0.424974034,0.171255412,,0.0983,,,,,,0.125410005,,0.2671,,0.0474,0,0.0644,0,0.0018,,0.2709
479,0.455129869,0.150346322,,0.103,,,,,,0.133365005,,0.2787,,0.0489,0,0.0675,0,0.0029,,0.2859
480,0.485463199,0.131969699,,0.1075,,,,,,0.141641006,,0.2898,,0.0503,0,0.0708,0,0.0028,,0.3021
481,0.516129862,0.115519483,,0.1149,,,,,,0.150671005,,0.3044,,0.0522,0,0.0741,0,0.005,,0.3188
482,0.54724675,0.100965368,,0.1184,,,,,,0.160482004,,0.3149,,0.0538,0,0.0785,0,0.0038,,0.3366
483,0.57878355,0.087943722,,0.1253,,,,,,0.171353996,,0.3246,,0.056,0,0.083,0,0.0034,,0.3549
484,0.610134204,0.076268398,,0.1322,,,,,,0.182769999,,0.3364,,0.0575,0,0.0876,0,0.0044,,0.3741
485,0.64097403,0.065926406,,0.1367,,,,,,0.194772005,,0.3446,,0.06,0,0.0906,0,0.0045,,0.3942
486,0.671155849,0.056878787,,0.1404,,,,,,0.207277,,0.352,,0.062,0,0.0956,0,0.0051,,0.4143
487,0.700558441,0.04890909,,0.1469,,,,,,0.220256001,,0.3612,,0.0645,0,0.1004,0,0.0065,,0.4359
488,0.728991341,0.041999999,,0.1508,,,,,,0.233109996,,0.3675,,0.0665,0,0.1047,0,0.0065,,0.4575
489,0.756705625,0.036090908,,0.1573,,,,,,0.246437997,,0.3737,,0.0693,0,0.109,0,0.0081,,0.4803
490,0.783952375,0.031212121,,0.1614,,,,,,0.259472996,,0.3816,,0.0716,0,0.1151,0,0.0098,,0.5028
491,0.810073587,0.027103896,,0.1675,,,,,,0.271712005,,0.3876,,0.0744,0,0.1221,0,0.0118,,0.5262
492,0.834727264,0.023683983,,0.1741,,,,,,0.283380002,,0.3935,,0.077,0,0.1277,0,0.015,,0.5492
493,0.857372288,0.020805195,,0.1799,,,,,,0.293805003,,0.4023,,0.0795,0,0.1345,0,0.0163,,0.5719
494,0.878411254,0.018207792,,0.1862,,,,,,0.303629994,,0.4097,,0.0824,0,0.1419,0,0.0184,,0.5936
495,0.897709957,0.015896104,,0.1949,,,,,,0.311919987,,0.418,,0.0851,0,0.1486,0,0.0179,,0.6154
496,0.91548919,0.013896104,,0.1999,,,,,,0.318856001,,0.4305,,0.0875,0,0.1558,0,0.02,,0.6361
497,0.932082266,0.012298701,,0.2102,,,,,,0.324396998,,0.441,,0.0902,0,0.164,0,0.0214,,0.6547
498,0.947268407,0.011017316,,0.219,,,,,,0.328359991,,0.4531,,0.0929,0,0.1737,0,0.0234,,0.6721
499,0.960787888,0.009787879,,0.2264,,,,,,0.330942005,,0.4721,,0.0956,0,0.1838,0,0.0267,,0.687
500,0.972627709,0.008878788,,0.2379,,,,,,0.332812011,0.0051,0.488,,0.0981,0,0.1937,0,0.0276,0.0081,0.701
501,0.982264076,0.008047619,,0.2606,,,,,,0.333718985,0.0052,0.5057,,0.101,0,0.2047,0,0.0314,0.0097,0.7125
502,0.989658011,0.007341991,,0.2755,,,,,,0.333732992,0.006,0.5324,,0.1038,0,0.2137,0,0.0335,0.011,0.7224
503,0.994740264,0.006675325,,0.2861,,,,,,0.333622009,0.007,0.5541,,0.1071,0,0.2242,0,0.0356,0.013,0.7303
504,0.997835514,0.006203463,,0.3035,,,,,,0.333678007,0.0084,0.5776,,0.11,0,0.2358,0,0.038,0.0152,0.737
505,0.999285735,0.005705628,,0.3268,,,,,,0.334347993,0.0102,0.6128,,0.1136,0,0.2461,0,0.0394,0.018,0.7428
506,0.999121224,0.005203463,,0.3457,,,,,,0.335785002,0.0123,0.6401,,0.1171,0,0.2561,0,0.0417,0.021,0.748
507,0.998060612,0.004675325,,0.3586,,0.0105,,,,0.338171005,0.0146,0.6687,,0.121,0,0.266,0,0.0422,0.0242,0.7535
508,0.996229437,0.004341991,,0.3765,,0.0105,,,,0.342148989,0.0173,0.7095,,0.1245,0,0.2779,0,0.045,0.0279,0.7597
509,0.993402594,0.004138528,,0.3957,,0.0105,,,,0.347829014,0.0211,0.7398,,0.1297,0,0.2891,0,0.0481,0.0326,0.7673
510,0.989489174,0.004,,0.4222,,0.0105,,,,0.355533004,0.0253,0.7705,,0.1342,0,0.2987,0,0.0492,0.0377,0.7762
511,0.984398268,0.003679654,,0.4403,,0.0105,,,,0.365469992,0.0311,0.8127,,0.1396,0,0.3071,0,0.0517,0.0429,0.7872
512,0.978190477,0.003597403,,0.4579,,0.0105,,,,0.378044009,0.0377,0.8432,,0.1449,0,0.3133,0,0.0512,0.0492,0.7996
513,0.971125546,0.003510823,,0.4747,,0.014,,0.011577814,,0.392558992,0.0446,0.8723,,0.1516,0,0.3218,0,0.0549,0.0552,0.8145
514,0.963467538,0.003510823,0,0.4895,,0.014,,0.011577814,,0.410115004,0.0538,0.9091,,0.1581,0,0.3319,0,0.0578,0.0648,0.8302
515,0.955346326,0.003597403,0.001,0.5039,,0.014,,0.011567841,,0.430379987,0.0633,0.9332,,0.1656,0,0.3371,0,0.058,0.0748,0.8475
516,0.946848494,0.003770563,0.002,0.5057,,0.014,,0.011567841,,0.45372799,0.0743,0.9541,,0.1736,0,0.3443,0,0.0637,0.0869,0.8661
517,0.937445895,0.004030303,0.003,0.5179,,0.0175,,0.011557869,,0.479393989,0.088,0.9775,,0.1822,0,0.353,0,0.0634,0.1012,0.886
518,0.926961045,0.004090909,0.004,0.5249,,0.0175,,0.011547897,,0.508589983,0.1023,0.9896,,0.1908,0,0.3578,0,0.0656,0.116,0.9059
519,0.915432907,0.004,0.005,0.5283,,0.0175,,0.013482519,,0.539683998,0.1188,0.9974,,0.2008,0,0.3648,0,0.0704,0.1324,0.9253
520,0.903073591,0.004,0.006,0.5279,,0.0175,,0.013482519,,0.57366699,0.1374,1,,0.2107,0,0.3705,0,0.0727,0.1485,0.9437
521,0.890510827,0.004,0.007,0.5343,,0.0176,,0.013472546,,0.609605014,0.1588,0.9958,,0.2214,0,0.3775,0,0.0779,0.1688,0.9608
522,0.878307364,0.004090909,0.008,0.5291,,0.021,,0.013472546,,0.64784497,0.1839,0.987,,0.2323,0,0.3839,0,0.0812,0.1938,0.9759
523,0.866571431,0.004030303,0.009,0.5296,,0.021,,0.013462574,,0.687870979,0.2115,0.9669,,0.2432,0,0.3923,0,0.0857,0.2175,0.9865
524,0.855060613,0.003861472,0.01,0.5248,,0.0245,,0.013452602,,0.728316009,0.2393,0.9469,,0.2545,0,0.4026,0,0.0917,0.2442,0.9955
525,0.843424252,0.003627706,0.011,0.521,,0.0246,,0.01734179,,0.770142019,0.2703,0.9225,,0.2661,0,0.4136,0,0.0969,0.2731,1
526,0.831160182,0.003372294,0.012,0.5182,,0.0246,,0.017331818,,0.811271012,0.3034,0.8824,,0.2773,0,0.4249,0,0.1024,0.3028,0.9995
527,0.818155854,0.003138528,0.013,0.5145,,0.0246,,0.017321846,,0.851534009,0.34,0.8493,,0.2887,0,0.4389,0,0.108,0.3396,0.9943
528,0.804826851,0.002969697,0.014,0.5135,,0.0281,,0.017321846,,0.888058007,0.378,0.8134,,0.2997,0,0.4518,0,0.1162,0.3734,0.9839
529,0.791497848,0.003,0.015,0.5131,,0.0281,,0.017311873,,0.922556996,0.417,0.7598,,0.3103,0,0.4686,0,0.1234,0.4162,0.9684
530,0.778870138,0.003030303,0.0174,0.5161,,0.0281,,0.021191088,0.0284766,0.951502025,0.4596,0.7181,,0.3201,0.0072,0.4852,0,0.1322,0.4552,0.9486
531,0.766783561,0.002861472,0.0188,0.5258,,0.0298,,0.021191088,0.039262999,0.975242019,0.5042,0.6754,,0.3301,0.0076,0.506,0,0.1432,0.496,0.9231
532,0.754974038,0.002627706,0.0204,0.5251,,0.0298,,0.021181116,0.051632699,0.991388977,0.5468,0.6153,,0.3394,0.0086,0.526,0,0.1493,0.5394,0.8935
533,0.743225112,0.002372294,0.0223,0.5333,,0.0333,,0.025060331,0.062737197,1,0.5917,0.5717,,0.348,0.0098,0.5513,0,0.1612,0.5879,0.8593
534,0.731186148,0.002138528,0.0246,0.5467,,0.0333,,0.02505036,0.073530301,0.999484003,0.6362,0.5282,,0.3555,0.0112,0.5755,0,0.1697,0.6324,0.8219
535,0.718796527,0.001969697,0.0272,0.5547,,0.0368,,0.02505036,0.084802598,0.989965022,0.6788,0.4702,,0.3629,0.0131,0.6029,0,0.1827,0.6791,0.78
536,0.706432892,0.001909091,0.0303,0.5687,,0.0368,,0.025040388,0.096686602,0.971347988,0.724,0.4292,,0.3687,0.0159,0.6303,0,0.1924,0.7295,0.7362
537,0.694047605,0.002,0.034,0.5808,,0.0368,,0.025040388,0.112643003,0.944022,0.7651,0.3893,,0.3743,0.0187,0.6601,0,0.2072,0.7694,0.6893
538,0.681878784,0.002,0.0385,0.6004,,0.0438,,0.028919604,0.131233007,0.907204986,0.8042,0.3381,,0.3786,0.0221,0.6913,0,0.2173,0.8117,0.6426
539,0.669878789,0.002090909,0.0439,0.6184,,0.0438,,0.028909631,0.154046997,0.864136994,0.8399,0.3037,,0.3826,0.0259,0.7228,0,0.2271,0.8489,0.5942
540,0.658138537,0.002030303,0.0503,0.6378,,0.0473,,0.028899658,0.179054007,0.813337028,0.8741,0.2717,,0.3861,0.0312,0.7525,0,0.2382,0.8787,0.547
541,0.646372305,0.001861472,0.058,0.6774,,0.0473,,0.028899658,0.207298994,0.758181989,0.9036,0.2314,,0.3886,0.0385,0.7839,0,0.2471,0.9108,0.5005
542,0.634627716,0.001682251,0.0673,0.7055,,0.0508,,0.030834282,0.243300006,0.698490977,0.9275,0.205,,0.391,0.0454,0.8138,0,0.2568,0.9404,0.4551
543,0.622861478,0.001444589,0.0784,0.7314,,0.0543,,0.034713496,0.283080995,0.63804698,0.9475,0.1811,,0.393,0.0546,0.8431,0,0.267,0.9534,0.4125
544,0.611030306,0.001148485,0.0917,0.7694,,0.0543,,0.034713496,0.327037007,0.576291025,0.9655,0.1519,,0.3948,0.0637,0.8737,0,0.2727,0.9741,0.3708
545,0.599090908,0.000793939,0.1074,0.8049,,0.0578,,0.034703523,0.377739012,0.515694022,0.9813,0.1333,,0.3968,0.0749,0.898,0,0.2811,0.9818,0.3326
546,0.586909091,,0.1258,0.8391,,0.0578,,0.03469355,0.431023002,0.458110988,0.9924,0.1168,,0.399,0.0875,0.9221,0,0.2919,0.9937,0.2963
547,0.574878789,,0.1472,0.8737,,0.0613,,0.042461958,0.491210997,0.403416008,0.9957,0.0965,,0.4016,0.1031,0.9434,0,0.2955,1,0.2632
548,0.563017321,,0.1721,0.8976,,0.0613,,0.042461958,0.55380702,0.352295011,1,0.0839,,0.4052,0.1181,0.9603,0,0.3012,0.9971,0.2322
549,0.551389615,,0.2007,0.9307,,0.0683,,0.04245198,0.612133026,0.304773986,0.9946,0.0726,,0.4097,0.1389,0.9732,0,0.3087,0.9895,0.2051
550,0.540108231,,0.2336,0.9647,,0.0683,,0.044386607,0.681037009,0.26343599,0.9907,0.0594,,0.4153,0.16,0.984,0,0.3108,0.9742,0.1804
551,0.5289091,,0.2713,0.9789,,0.0718,,0.044386607,0.740442991,0.225907996,0.9825,0.0513,,0.4226,0.1845,0.9935,0,0.3129,0.9584,0.1584
552,0.517679659,,0.314,0.9968,,0.0753,,0.044376634,0.797972977,0.193055004,0.9721,0.0445,,0.4313,0.2086,1,0,0.3047,0.9457,0.1393
553,0.506688319,,0.3608,0.9989,,0.0753,,0.04825585,0.853507996,0.163496003,0.9579,0.036,,0.4416,0.2389,0.9936,0,0.3096,0.927,0.1226
554,0.495541133,,0.4117,1,,0.0788,,0.052135065,0.897174001,0.138264,0.942,0.0309,,0.4541,0.2734,0.9863,0,0.308,0.9062,0.1077
555,0.484372306,,0.466,0.9913,,0.0788,,0.052135065,0.934629023,0.116143003,0.9232,0.0264,,0.4685,0.3076,0.9772,0,0.3093,0.889,0.0947
556,0.473225117,,0.5229,0.9852,,0.0823,,0.05601428,0.964025974,0.097260401,0.907,0.0215,,0.4842,0.3455,0.9585,0,0.3084,0.8617,0.0835
557,0.462051952,,0.5819,0.9538,,0.0823,,0.05600431,0.98356998,0.0816295,0.8873,0.0186,,0.5021,0.3814,0.9398,0,0.3065,0.8398,0.0733
558,0.451047623,,0.6415,0.932,,0.0893,,0.059883524,0.997340977,0.0682735,0.8658,0.016,,0.5219,0.4213,0.9157,0,0.3029,0.8095,0.0646
559,0.439987015,,0.7012,0.8952,,0.0928,,0.061828118,1,0.056801502,0.8444,0.013,,0.5442,0.4636,0.8852,0,0.3013,0.7866,0.0571
560,0.4292684,,0.7583,0.8451,,0.0963,,0.061818145,0.992524028,0.047171801,0.8209,0.0111,,0.5677,0.5064,0.8486,0,0.3084,0.7578,0.0504
561,0.419064935,,0.812,0.7777,,0.0997,,0.06958655,0.985332012,0.039105099,0.8011,0.0093,,0.5931,0.5516,0.8163,0,0.3077,0.7267,0.0445
562,0.40912987,,0.8609,0.7271,,0.0997,,0.06958655,0.967133999,0.032615501,0.777,0.0076,,0.6202,0.5966,0.7757,0,0.3083,0.6999,0.0402
563,0.399554116,,0.9036,0.6801,,0.1032,,0.073455796,0.946132004,0.0271866,0.7542,0.0065,,0.6492,0.6406,0.7347,0,0.3112,0.6751,0.036
564,0.390251089,,0.9384,0.6153,,0.1033,,0.073455796,0.921908021,0.022483399,0.7319,0.0055,,0.6785,0.6815,0.691,0,0.3163,0.6473,0.0331
565,0.380956717,,0.9664,0.5457,,0.1102,,0.07733501,0.897314012,0.018924501,0.7126,0.0044,0.0351,0.7093,0.7245,0.6454,0,0.3255,0.6227,0.03
566,0.371939398,,0.9862,0.4863,,0.1137,,0.08315882,0.864646018,0.016007699,0.6934,0.0035,0.0364,0.7405,0.7634,0.605,0,0.3323,0.6011,0.0274
567,0.363047622,,0.9969,0.4502,,0.1172,,0.08315882,0.837006986,0.0133142,0.6723,0.0028,0.0414,0.7714,0.8038,0.5594,0,0.34,0.5769,0.0255
568,0.354372299,,1,0.3955,,0.1242,,0.083148845,0.80469799,0.0111914,0.6538,0.0023,0.0499,0.8026,0.8362,0.5177,0,0.3533,0.5581,0.0236
569,0.345536801,,0.9955,0.3482,,0.1277,,0.08703803,0.772859991,0.00965766,0.6333,0.0019,0.0593,0.8328,0.8691,0.4744,0,0.3647,0.5396,0.0216
570,0.336649355,,0.9833,0.3021,,0.1312,,0.09285187,0.741994023,0.00813644,0.6143,0.0014,0.0692,0.863,0.9002,0.4352,0.0089,0.3778,0.5188,0.0202
571,0.328017318,,0.964,0.2631,,0.1347,,0.09285187,0.709914982,0.00701994,0.5985,0.0011,0.0827,0.8902,0.9253,0.3975,0.01,0.3995,0.5002,0.0186
572,0.31952814,,0.9395,0.2259,,0.1417,,0.0928419,0.677227974,0.00612675,0.5804,0.0009,0.0966,0.9159,0.9481,0.3565,0.0104,0.4162,0.4849,0.0173
573,0.311359309,,0.9107,0.1952,,0.1451,,0.09673109,0.651861012,0.00510795,0.5649,0.0005,0.1113,0.9392,0.966,0.3165,0.0133,0.4368,0.4665,0.016
574,0.303554109,,0.8777,0.1693,,0.1521,,0.09672111,0.621882975,0.00449388,0.5496,0.0005,0.1296,0.9598,0.9816,0.2847,0.0146,0.4501,0.4522,0.0149
575,0.296021639,,0.8421,0.1493,,0.1591,,0.10060033,0.599730015,0.00399146,0.5351,0.0004,0.1488,0.9765,0.9888,0.2571,0.0185,0.4846,0.4349,0.014
576,0.288675318,,0.8047,0.132,,0.1696,,0.10448952,0.57307601,0.00367047,0.521,0,0.1702,0.989,0.9969,0.2291,0.0218,0.51,0.4223,0.0132
577,0.281432894,,0.7657,0.1172,,0.1766,,0.11030336,0.548289001,0.00300057,0.5082,0,0.1971,0.997,0.9974,0.2051,0.0239,0.5323,0.4145,0.0122
578,0.274077914,,0.7261,0.1002,,0.18,,0.11030336,0.528533995,0.00276332,0.4949,0,0.2221,1,1,0.1819,0.0295,0.5622,0.3989,0.0114
579,0.266831159,,0.6869,0.0878,,0.1975,,0.11806179,0.508686006,0.00272145,0.4816,0,0.2531,0.9971,0.9959,0.1605,0.0334,0.5943,0.3864,0.0105
580,0.259445882,,0.6477,0.0717,,0.2045,,0.11806179,0.489073008,0.00249815,0.4706,0,0.2868,0.9896,0.9878,0.1426,0.0395,0.6279,0.3753,0.0097
581,0.25225108,,0.61,0.062,,0.2149,,0.11806179,0.475616992,0.00210738,0.4604,0,0.3234,0.9763,0.9758,0.1247,0.0476,0.6602,0.3597,0.0092
582,0.245155843,,0.5738,0.0498,,0.2219,,0.121941,0.457112014,0.00209342,0.4487,0,0.3631,0.958,0.9606,0.1082,0.0567,0.6914,0.3535,0.0083
583,0.238359308,,0.5392,0.0428,,0.2289,,0.12193103,0.447921008,0.00199573,0.4366,0,0.4011,0.9344,0.9489,0.0949,0.0673,0.7324,0.3443,0.0076
584,0.231926408,,0.5072,0.0356,,0.2359,,0.12775484,0.43293801,0.00207947,0.4265,0,0.4422,0.9069,0.9317,0.0835,0.0784,0.7576,0.3385,0.0071
585,0.225787879,,0.4774,0.0311,,0.2464,,0.12775484,0.423294008,0.00195386,0.4161,0,0.487,0.8741,0.912,0.0726,0.0943,0.7967,0.3282,0.0064
586,0.219878786,,0.4495,0.0266,,0.2533,,0.13551328,0.41316101,0.00185617,0.4048,0,0.5293,0.8392,0.8916,0.0623,0.1092,0.8237,0.3215,0.0058
587,0.214047616,,0.4237,0.0242,,0.2603,,0.13551328,0.40367201,0.00168869,0.3925,0,0.5698,0.8005,0.8668,0.0531,0.1264,0.8568,0.3124,0.0054
588,0.20825108,,0.3995,0.0202,,0.2708,,0.1393925,0.397846997,0.00173056,0.3843,0,0.6111,0.7593,0.8403,0.0455,0.1467,0.8832,0.305,0.0048
589,0.20264502,,0.3767,0.0155,,0.2778,,0.1452163,0.393752992,0.00166078,0.3757,0,0.6597,0.7173,0.8137,0.0391,0.1698,0.9173,0.2948,0.0044
590,0.197251082,,0.3558,0.0143,,0.2882,,0.1452163,0.386510998,0.00177243,0.3636,0,0.7024,0.6744,0.7912,0.0334,0.1961,0.9369,0.2873,0.004
591,0.192047619,,0.3367,0.0119,,0.2952,,0.15297472,0.382247001,0.00167474,0.3554,0,0.7409,0.6302,0.7652,0.0301,0.2284,0.9586,0.2802,0.0039
592,0.18687879,,0.3193,0.0104,,0.3022,,0.15686391,0.375285,0.0013677,0.345,0,0.7808,0.5859,0.739,0.0258,0.258,0.9725,0.274,0.0033
593,0.181787884,,0.3035,0.0101,,0.3057,,0.16268773,0.372817993,0.00150726,0.3343,0,0.8166,0.5432,0.7156,0.0231,0.2934,0.9916,0.2656,0.0031
594,0.17710823,,0.289,0.0084,,0.3127,,0.16656694,0.368786991,0.00154913,0.3254,0,0.8497,0.5005,0.6912,0.0199,0.3359,0.9932,0.2593,0.0029
595,0.172419916,,0.276,0.0071,,0.3196,,0.17045613,0.364863992,0.00152122,0.3161,0,0.8889,0.4597,0.6687,0.0175,0.3746,1,0.2512,0.0024
596,0.167969696,,0.2643,0.0065,,0.3231,,0.18404835,0.360794008,0.00143748,0.3071,0,0.9177,0.4204,0.6432,0.0153,0.4258,0.9973,0.2438,0.0025
597,0.163536796,,0.254,0.0066,,0.3301,,0.18793753,0.357288986,0.00156309,0.2976,0,0.936,0.3835,0.6192,0.0135,0.4644,0.9914,0.2362,0.002
598,0.159142857,,0.2445,0.0059,,0.3301,,0.19764055,0.352562994,0.00142353,0.2905,0,0.9598,0.3483,0.5957,0.0117,0.5186,0.9664,0.2289,0.0019
599,0.154766233,,0.2362,0.0046,,0.3336,,0.20152976,0.348717988,0.001591,0.2793,0,0.9739,0.3153,0.574,0.0106,0.5604,0.947,0.2233,0.0016
600,0.150341992,,0.2286,0.0038,,0.3371,,0.21124275,0.341410995,0.00170265,0.2715,0,0.9844,0.2845,0.5538,0.0096,0.611,0.9209,0.2169,0.0014
601,0.146047621,,0.2217,0.0032,,0.3371,,0.21901114,0.336816996,,0.2619,,0.9922,0.2564,0.5354,,0.6544,0.8929,0.2094,0.0013
602,0.14187879,,0.2156,0.0031,,0.3371,,0.22872415,0.331840008,,0.254,,0.9986,0.2307,0.5171,,0.7012,0.8586,0.2037,0.0011
603,0.137787879,,0.2102,0.0028,,0.3371,,0.23260336,0.325129002,,0.2471,,0.994,0.2064,0.496,,0.7374,0.825,0.1958,0.0009
604,0.134108224,,0.2053,0.0025,,0.3371,,0.24037176,0.317667007,,0.2384,,1,0.185,0.4801,,0.7957,0.7786,0.1902,0.0011
605,0.130419913,,0.2006,0.002,,0.3371,,0.25008476,0.310786992,,0.2292,,0.9917,0.165,0.4643,,0.8293,0.7372,0.1817,0.0009
606,0.126878788,,0.1961,0.0016,,0.3337,,0.25979775,0.303550988,,0.2202,,0.9862,0.1469,0.4484,,0.878,0.6917,0.1785,0.0008
607,0.123597403,,0.1916,0.0014,,0.3372,,0.27339995,0.296086997,,0.2119,,0.9742,0.1305,0.4324,,0.9063,0.6378,0.1697,0.0008
608,0.120311688,,0.1871,0.0009,,0.3372,,0.28116834,0.287458986,,0.2057,,0.9595,0.1163,0.4179,,0.9323,0.5962,0.1628,0.0006
609,0.117,,0.1827,0.0004,,0.3407,,0.29477054,0.277637988,,0.1978,,0.9411,0.1029,0.4053,,0.9493,0.5461,0.1541,0.0006
610,0.113597403,,0.1784,0.0002,,0.3407,,0.29864976,0.269694,,0.1902,,0.9213,0.0916,0.3937,,0.9658,0.5024,0.148,0.0007
611,0.110190476,,0.1738,0.0001,,0.3442,,0.30641815,0.261386007,,0.1842,,0.9123,0.0812,0.3821,,0.9826,0.4572,0.1433,0.0005
612,0.107017316,,0.169,0.0001,,0.3476,,0.32196495,0.251760989,,0.1779,,0.8882,0.0722,0.3727,,0.9967,0.41,0.1378,0.0004
613,0.103987013,,0.164,0.0001,,0.3511,,0.32584414,0.244656995,,0.1717,,0.866,0.0641,0.364,,1,0.3679,0.1297,0.0004
614,0.101389611,,0.1589,0.0001,,0.3581,,0.33944634,0.234533995,,0.1655,,0.8409,0.0569,0.3535,,0.9882,0.3275,0.1262,0.0005
615,0.099138528,,0.1535,0.0001,,0.3721,,0.34332556,0.227636993,,0.1599,,0.8256,0.0508,0.3455,,0.9834,0.291,0.122,0.0004
616,0.096770563,,0.1482,0.0001,,0.3791,,0.35498315,0.218263,,0.1538,,0.7976,0.0452,0.3361,,0.9761,0.261,0.1166,0
617,0.094489178,,0.1426,0.0001,,0.393,,0.36080697,0.210569993,,0.1495,,0.7793,0.0404,0.3282,,0.9596,0.2258,0.1109,0.0004
618,0.092030303,,0.1369,0.0001,,0.4035,,0.36469615,0.201581001,,0.1435,,0.7554,0.0359,0.3226,,0.9406,0.2026,0.1072,0.0002
619,0.089372294,,0.131,0.0001,,0.4209,,0.37440914,0.193452999,,0.1394,,0.7281,0.0322,0.314,,0.9179,0.1801,0.1016,0.0003
620,0.086826839,,0.1251,0,,0.4349,,0.37439916,0.185762003,,0.1348,,0.704,0.0292,0.3072,,0.8953,0.1489,0.0987,0
621,0.084281385,,0.1193,0.0001,,0.4506,,0.37828836,0.179664999,,0.1291,,0.6755,0.0261,0.3007,,0.8572,0.1279,0.0952,0.0003
622,0.081818181,,0.1136,0.0001,0,0.4715,,0.38216758,0.170484006,,0.1243,,0.656,0.0237,0.2958,,0.8405,0.1126,0.0915,0.0003
623,0.079658008,,0.1079,0,0.0099,0.489,,0.3821576,0.164152995,,0.12,,0.6279,0.0216,0.2925,,0.8085,0.0921,0.088,0.0003
624,0.077359308,,0.1024,0.0001,0.0195,0.5134,,0.38214764,0.157271996,,0.1165,,0.6093,0.0194,0.2868,,0.7917,0.0791,0.0858,0.0002
625,0.075341992,,0.0969,0,0.0295,0.5378,,0.38214764,0.151305005,,0.1123,,0.5871,0.0178,0.28,,0.7564,0.0673,0.0818,0.0002
626,0.073363638,,0.0915,0,0.0321,0.5692,,0.38602686,0.144510999,,0.1087,,0.5676,0.0165,0.2759,,0.7288,0.0508,0.0781,0.0002
627,0.071515153,,0.0863,0.0001,0.0385,0.5901,,0.38601688,0.139286995,,0.1047,,0.5496,0.0148,0.2707,,0.6981,0.0427,0.0768,0.0002
628,0.069796539,,0.0814,0,0.0412,0.625,,0.38601688,0.132548004,,0.1006,,0.5258,0.0137,0.2643,,0.6757,0.0339,0.0739,0.0001
629,0.06792208,,0.0767,0,0.0512,0.6459,,0.3879515,0.127400994,,0.0977,,0.5083,0.0127,0.2604,,0.6486,0.0266,0.0717,0.0002
630,0.065848486,,0.0722,0,0.0607,0.6668,,0.3879415,0.122327,,0.0942,,0.491,0.0118,0.2548,,0.6221,0.0197,0.0701,0.0001
631,0.064060607,,0.0679,0,0.0665,0.7017,,0.3879415,0.117308997,,0.0908,,0.4735,0.0108,0.2499,,0.5898,0.0163,0.0685,0.0002
632,0.062047619,,0.0637,0,0.0729,0.7192,,0.38598695,0.11191,,0.0887,,0.4572,0.0105,0.2448,,0.5724,0.0088,0.0659,0
633,0.060341991,,0.0597,0,0.0806,0.7541,,0.38597697,0.108149,,0.0852,,0.4377,0.0096,0.2391,,0.54,0.0047,0.0627,0.0001
634,0.058766234,,0.056,0,0.0894,0.7855,,0.3820878,0.103119999,,0.0827,,0.423,0.0092,0.2346,,0.5212,0.0018,0.0615,0
635,0.057142857,,0.0524,0,0.0996,0.8203,,0.3820778,0.099760301,,0.0803,,0.4091,0.0088,0.2298,,0.492,,0.0591,0.0002
636,0.055627707,,0.0491,0,0.1116,0.8448,,0.3820778,0.095711797,,0.0777,,0.3965,0.0081,0.2233,,0.4727,,0.0573,0
637,0.054000001,,0.046,0,0.1253,0.8779,,0.38789165,0.092364699,,0.0753,,0.3852,0.0079,0.2195,,0.4586,,0.054,0
638,0.052281386,,0.0431,0,0.14,0.8988,0.010772244,0.38789165,0.089048997,,0.072,,0.3754,0.0074,0.213,,0.4331,,0.0532,0.0001
639,0.050735931,,0.0404,0,0.1561,0.9197,0.010772244,0.39566007,0.085847601,,0.0708,,0.3637,0.0071,0.207,,0.4196,,0.0521,0
640,0.049341991,,0.038,0,0.1744,0.9442,0.010762251,0.3995393,0.082475297,,0.0679,,0.3525,0.0067,0.2023,,0.4033,,0.0511,0
641,0.048077921,,0.0357,0,0.1937,0.9581,0.010752258,0.4034185,0.079654701,,0.0653,,0.3447,0.0067,0.1949,,0.3887,,0.0484,0.0001
642,0.046831168,,0.0336,0,0.2149,0.9756,0.012690863,0.41702068,0.077429801,,0.0633,,0.3336,0.0062,0.1908,,0.3699,,0.0457,0.0001
643,0.045536796,,0.0316,0,0.2389,0.986,0.012690863,0.42090988,0.075022697,,0.061,,0.3287,0.0063,0.1836,,0.3613,,0.0448,0.0001
644,0.044463203,,0.0296,0,0.2655,1,0.01268087,0.43839127,0.072001897,,0.0586,,0.32,0.0062,0.1795,,0.3424,,0.0439,0
645,0.043168831,,0.0279,0,0.2933,1,0.012670877,0.4442151,0.0699009,,0.0566,,0.3116,0.0059,0.1727,,0.3285,,0.0429,0
646,0.041831169,,0.0263,0,0.3236,1,0.016558077,0.46559563,0.067410201,,0.0548,,0.3042,0.0058,0.1682,,0.3159,,0.0415,0
647,0.040536797,,0.0248,0,0.356,1,0.016548084,0.47141945,0.066115603,,0.0541,,0.3002,0.0058,0.1629,,0.3063,,0.0407,0.0001
648,0.039372294,,0.0234,0,0.3912,0.9965,0.024312494,0.48891082,0.064569101,,0.0519,,0.2937,0.0056,0.158,,0.2969,,0.0394,0
649,0.038138528,,0.022,0,0.4274,0.9826,0.024312494,0.49667922,0.062144201,,0.0495,,0.2876,0.0056,0.1531,,0.2868,,0.0381,0
650,0.036969697,,0.0208,,0.4658,0.9686,0.028189704,0.51028144,0.061104398,,0.0482,,0.2808,0.006,0.1485,,0.2789,,0.0373,0
651,0.03590909,,0.02,,0.5062,0.9442,0.03401551,0.5277728,0.059776202,,,,0.2768,,0.1436,,0.2731,,0.0364,0
652,0.034909091,,0.018,,0.5485,0.9163,0.03401551,0.5530326,0.057434399,,,,0.2715,,0.1389,,0.2631,,0.0352,0
653,0.033969698,,0.017,,0.5909,0.8745,0.043728516,0.5841261,0.056628902,,,,0.2683,,0.1343,,0.2571,,0.0335,0
654,0.033138529,,0.016,,0.6338,0.8501,0.043718524,0.5938391,0.0546741,,,,0.2611,,0.1298,,0.2526,,0.0326,0.0002
655,0.032372296,,0.015,,0.6776,0.8239,0.059267327,0.63271105,0.054053701,,,,0.2582,,0.1256,,0.2479,,0.0324,0.0004
656,0.031627706,,0.014,,0.7187,0.7786,0.06509313,0.65020245,0.052010201,,,,0.2549,,0.12,,0.2444,,0.0312,0.0001
657,0.030861472,,0.013,,0.7578,0.7402,0.06897034,0.6638046,0.050818101,,,,0.2475,,0.1165,,0.243,,0.0293,0.0002
658,0.030030303,,0.012,,0.7965,0.6879,0.08645775,0.681296,0.0497346,,,,0.2423,,0.1121,,0.2372,,0.0281,0
659,0.029,,0.011,,0.8333,0.6531,0.092293546,0.7123896,0.048074398,,,,0.2389,,0.1081,,0.2331,,0.0282,0.0002
660,0.027969697,,0.009,,0.8668,0.5973,0.11366816,0.73182553,0.047454301,,,,0.2359,,0.1047,,0.2302,,0.0276,0
661,0.027138529,,0.008,,0.8989,0.5624,0.12144256,0.7668083,0.046390001,,,,0.2316,,0.1018,,0.2236,,0.0256,0
662,0.026281386,,0.007,,0.9274,0.5275,0.15254018,0.8153932,0.0439137,,,,0.2266,,0.0976,,0.2239,,0.0242,0
663,0.025597403,,0.006,,0.9502,0.4717,0.16614038,0.83677375,0.044027001,,,,0.2233,,0.0942,,0.2222,,0.0244,0
664,0.024909091,,0.005,,0.9695,0.4316,0.1797406,0.85037595,0.041593499,,,,0.2186,,0.0908,,0.2175,,0.0242,0
665,0.024372295,,0.004,,0.9843,0.3828,0.21473539,0.8931371,0.0409596,,,,0.2144,,0.0873,,0.2138,,0.0232,0
666,0.023766234,,0.003,,0.9939,0.3584,0.2283356,0.90673923,0.039876301,,,,0.2107,,0.084,,0.2157,,0.0225,0
667,0.023203463,,0.002,,0.9993,0.3131,0.27304342,0.9242207,0.038312301,,,,0.2043,,0.0803,,0.2173,,0.0217,0.0001
668,0.022705628,,0.001,,1,0.2887,0.28859222,0.9553142,0.0380514,,,,0.2017,,0.0766,,0.2146,,0.022,0
669,0.022294372,,0.0005,,0.9949,0.2643,0.33912584,0.96892637,0.0364113,,,,0.1956,,0.0741,,0.2137,,0.0209,0
670,0.021705628,,0,,0.9845,0.2294,0.36051044,0.9864078,0.035033099,,,,0.1928,,0.0714,,0.2083,,0.0209,0
671,0.021294372,,,,0.9692,0.2085,0.38772085,0.9941762,0.034226101,,,,0.1857,,0.0684,,0.2069,,0.0196,0.0002
672,0.020705628,,,,0.9496,0.1771,0.45770046,1,0.0321461,,,,0.1835,,0.0666,,0.2044,,0.019,0.0001
673,0.020294372,,,,0.9256,0.1562,0.47908506,1,0.0322299,,,,0.1782,,0.065,,0.2015,,0.0185,0
674,0.019705627,,,,0.8983,0.1318,0.5490547,0.99999005,0.0297473,,,,0.1735,,0.0634,,0.2005,,0.0192,0
675,0.019294371,,,,0.8685,0.1178,0.5685007,0.99999005,,,,,0.1694,,0.0599,,0.1951,,0.0181,0.0001
676,0.018705627,,,,0.8365,0.1074,0.6384803,0.9863679,,,,,0.1637,,0.0588,,0.1958,,0.0167,
677,0.018294372,,,,0.8022,0.0899,0.6598549,0.97858953,,,,,0.1608,,0.0569,,0.1933,,0.0162,
678,0.017705627,,,,0.7664,0.0795,0.7356703,0.9688665,,,,,0.1571,,0.055,,0.1875,,0.0162,
679,0.017294373,,,,0.7291,0.0656,0.7667679,0.947476,,,,,0.1502,,0.0543,,0.1837,,0.0148,
680,0.016705628,,,,0.6894,0.0586,0.7881525,0.9299747,,,,,0.1478,,0.0529,,0.1784,,0.0158,
681,0.016294373,,,,0.6482,0.0481,0.81342435,0.89691657,,,,,0.1429,,0.0514,,0.1783,,0.0153,
682,0.015705629,,,,0.6054,0.0446,0.8367475,0.885249,,,,,0.1395,,0.0506,,0.1706,,0.0138,
683,0.015203464,,,,0.5617,0.0342,0.87950677,0.8444225,,,,,0.1344,,0.049,,0.1656,,0.0139,
684,0.014766234,,,,0.517,0.0307,0.912543,0.82692116,,,,,0.1283,,0.0474,,0.1623,,0.0134,
685,0.014372294,,,,0.4722,0.029,0.9475378,0.7666487,,,,,0.1246,,0.0467,,0.1567,,0.0132,
686,0.014,,,,0.4297,0.0255,0.95918936,0.74720275,,,,,0.1213,,0.0452,,0.1539,,0.0127,
687,0.013627706,,,,0.3891,0.022,0.9727996,0.71804386,,,,,0.1174,,0.0443,,0.1473,,0.0124,
688,0.013142857,,,,0.3508,0.0185,0.9941742,0.67332816,,,,,0.1143,,0.0431,,0.1455,,0.0124,
689,0.012766234,,,,0.3172,0.015,0.9961128,0.60138816,,,,,0.109,,0.0432,,0.1381,,0.0127,
690,0.0124329,,,,0.2878,0.015,1,0.5663954,,,,,0.1066,,0.0416,,0.1385,,0.0126,
691,0.012077922,,,,0.2615,0.0116,0.99999,0.5450049,,,,,0.1015,,0.0407,,0.1283,,0.0121,
692,0.011831169,,,,0.239,0.0116,0.99999,0.47890863,,,,,0.1002,,0.0396,,0.1283,,0.0116,
693,0.011536797,,,,0.2205,0.0116,0.99998003,0.4575181,,,,,0.0966,,0.0383,,0.1237,,0.0117,
694,0.011463203,,,,0.2041,0.0116,0.99997,0.38753265,,,,,0.0934,,0.0381,,0.1184,,0.0109,
695,0.011168831,,,,0.1908,,0.99413425,0.36030835,,,,,0.0901,,0.0383,,0.1169,,0.012,
696,0.010831169,,,,0.1789,,0.9863498,0.32142642,,,,,0.0863,,0.0369,,0.1137,,0.0108,
697,0.010627706,,,,0.1683,,0.9649552,0.29809132,,,,,0.0828,,0.0355,,0.1034,,0.0104,
698,0.010402597,,,,0.1589,,0.95911944,0.2630886,,,,,0.081,,0.0347,,0.1042,,0.0107,
699,0.01,,,,0.1507,,0.92411464,0.24170806,,,,,0.0773,,0.0342,,0.1007,,0.0107,
700,0.009597402,,,,0.1423,,0.91244304,0.22808592,,,,,0.0754,,0.033,,0.0962,,0.0101,
701,0.009372294,,,,0.135,,0.89688426,0.1930932,,,,,0.0743,,,,0.0938,,,
702,0.009168831,,,,0.1285,,0.8618894,0.18337023,,,,,0.0694,,,,0.09,,,
703,0.008831169,,,,0.1219,,0.84438205,0.15225673,,,,,0.0661,,,,0.0889,,,
704,0.008536796,,,,0.1157,,0.795777,0.14253376,,,,,0.0658,,,,0.0792,,,
705,0.008372294,,,,0.1102,,0.7607722,0.12503241,,,,,0.0628,,,,0.0762,,,
706,0.008229438,,,,0.1046,,0.7393777,0.11335487,,,,,0.0625,,,,0.0775,,,
707,0.008,,,,0.0993,,0.72576743,0.10752109,,,,,0.0591,,,,0.0764,,,
708,0.007770563,,,,0.0944,,0.68104964,0.09196434,,,,,0.0587,,,,0.0702,,,
709,0.007627706,,,,0.0895,,0.66742945,0.08613056,,,,,0.0543,,,,0.0683,,,
710,0.007372295,,,,0.0852,,0.64603484,0.072508425,,,,,0.0549,,,,0.0657,,,
711,0.007138528,,,,0.0815,,0.5974299,0.06473005,,,,,0.0535,,,,0.0588,,,
712,0.007060606,,,,0.0778,,0.5624251,0.060840864,,,,,0.0508,,,,0.0628,,,
713,0.006939394,,,,0.0743,,0.5410404,0.05499711,,,,,0.0504,,,,0.0587,,,
714,0.006861472,,,,0.0712,,0.5274203,0.05110792,,,,,0.0466,,,,0.0582,,,
715,0.006627706,,,,0.0682,,0.49241546,0.04331957,,,,,0.0471,,,,0.0549,,,
716,0.006372295,,,,0.0651,,0.47880527,0.041374978,,,,,0.0455,,,,0.0556,,,
717,0.006229437,,,,0.0624,,0.44768766,0.03358663,,,,,0.0437,,,,0.053,,,
718,0.006,,,,0.0599,,0.43991327,0.03358663,,,,,0.0442,,,,0.0495,,,
719,0.005770563,,,,0.0577,,0.40490848,0.02968747,,,,,0.0424,,,,0.0485,,,
720,0.005627706,,,,0.0552,,0.39518547,0.027732903,,,,,0.0418,,,,0.0432,,,
721,0.005372294,,,,0.0502,,0.37379086,0.027732903,,,,,0.0399,,,,0.0464,,,
722,0.005138528,,,,0.0478,,0.36405787,0.023833742,,,,,0.0404,,,,0.0431,,,
723,0.004969697,,,,0.042,,0.3562835,0.023833742,,,,,0.0408,,,,0.0447,,,
724,0.005,,,,0.0396,,0.3368275,0.02382377,,,,,0.0365,,,,0.0426,,,
725,0.005030303,,,,0.0353,,0.32905307,0.023813797,,,,,0.0357,,,,0.0419,,,
726,0.004861472,,,,0.0332,,0.3076585,0.01992461,,,,,0.0361,,,,0.0395,,,
727,0.004627706,,,,0.029,,0.2979255,0.016025448,,,,,0.0327,,,,0.0364,,,
728,0.004372294,,,,0.0277,,0.2882025,0.016025448,,,,,0.0306,,,,0.0375,,,
729,0.004138528,,,,0.0251,,0.2804181,0.016015477,,,,,0.0309,,,,0.0344,,,
730,0.003969697,,,,0.0213,,0.2726337,0.016005505,,,,,0.0313,,,,0.0353,,,
731,0.003909091,,,,0.02,,0.2629107,0.012116317,,,,,0.0317,,,,0.037,,,
732,0.004,,,,0.0155,,0.2590135,0.012106344,,,,,0.0307,,,,0.0332,,,
733,0.004,,,,0.0099,,0.24929051,0.012106344,,,,,0.0284,,,,0.0361,,,
734,0.004,,,,0,,0.24150611,0.012096372,,,,,0.026,,,,0.0315,,,
735,0.004,,,,,,0.23566031,0.0120864,,,,,0.0264,,,,0.0344,,,
736,0.004090909,,,,,,0.23177312,0.0120864,,,,,0.0267,,,,0.031,,,
737,0.004030303,,,,,,0.23176312,0.012076428,,,,,0.027,,,,0.0314,,,
738,0.003861472,,,,,,0.22204013,0.012066455,,,,,0.0273,,,,0.0278,,,
739,0.003627706,,,,,,0.22203013,0.012066455,,,,,0.0276,,,,0.0308,,,
740,0.003372294,,,,,,0.21813294,0.010111889,,,,,0.0266,,,,0.0292,,,
741,0.003138528,,,,,,0.21424574,0.012046511,,,,,0.0209,,,,0.0274,,,
742,0.002969697,,,,,,0.21423575,0.012046511,,,,,0.0227,,,,0.0313,,,
743,0.002909091,,,,,,0.21033856,0.012036538,,,,,0.0214,,,,0.0281,,,
744,0.003,,,,,,0.20644136,0.012036538,,,,,0.0217,,,,0.0278,,,
745,0.003,,,,,,0.20644136,0.012026566,,,,,0.0219,,,,0.0259,,,
746,0.003,,,,,,0.20643137,0.012016594,,,,,0.019,,,,0.0269,,,
747,0.003,,,,,,0.20448276,0.012006622,,,,,0.0159,,,,0.0263,,,
748,0.003090909,,,,,,0.20447278,0.012006622,,,,,0.0159,,,,0.0234,,,
749,0.003030303,,,,,,0.20447278,,,,,,0.0144,,,,0.0272,,,
750,0.002861472,,,,,,0.20057559,,,,,,,,,,,,,
751,0.002627706,,,,,,0.20056559,,,,,,,,,,,,,
752,0.002372294,,,,,,0.1966684,,,,,,,,,,,,,
753,0.002138528,,,,,,0.1966684,,,,,,,,,,,,,
754,0.001969697,,,,,,0.1966584,,,,,,,,,,,,,
755,0.001909091,,,,,,0.1966584,,,,,,,,,,,,,
756,0.002,,,,,,0.19276121,,,,,,,,,,,,,
757,0.002,,,,,,0.19080262,,,,,,,,,,,,,
758,0.002,,,,,,0.19080262,,,,,,,,,,,,,
759,0.002,,,,,,0.18690543,,,,,,,,,,,,,
760,0.002,,,,,,0.18690543,,,,,,,,,,,,,
761,0.002,,,,,,0.18300822,,,,,,,,,,,,,
762,0.002,,,,,,0.18299824,,,,,,,,,,,,,
763,0.002,,,,,,0.17910105,,,,,,,,,,,,,
764,0.002,,,,,,0.17520384,,,,,,,,,,,,,
765,0.002,,,,,,0.17325526,,,,,,,,,,,,,
766,0.002,,,,,,0.16936806,,,,,,,,,,,,,
767,0.002,,,,,,0.16935806,,,,,,,,,,,,,
768,0.002,,,,,,0.16157366,,,,,,,,,,,,,
769,0.002,,,,,,0.16157366,,,,,,,,,,,,,
770,0.002090909,,,,,,0.15572788,,,,,,,,,,,,,
771,0.002030303,,,,,,0.15183067,,,,,,,,,,,,,
772,0.001861472,,,,,,0.14794348,,,,,,,,,,,,,
773,0.001627706,,,,,,0.14404629,,,,,,,,,,,,,
774,0.001372294,,,,,,0.1420977,,,,,,,,,,,,,
775,0.001138528,,,,,,0.1382005,,,,,,,,,,,,,
776,0.000969697,,,,,,0.1381905,,,,,,,,,,,,,
777,0.000909091,,,,,,0.13040611,,,,,,,,,,,,,
778,0.001,,,,,,0.1265189,,,,,,,,,,,,,
779,0.001,,,,,,0.12456032,,,,,,,,,,,,,
780,0.001,,,,,,0.12067312,,,,,,,,,,,,,
781,0.001,,,,,,0.11677592,,,,,,,,,,,,,
782,0.001,,,,,,0.10899153,,,,,,,,,,,,,
783,0.001,,,,,,0.10899153,,,,,,,,,,,,,
784,0.001,,,,,,0.10314574,,,,,,,,,,,,,
785,0.001,,,,,,0.09924854,,,,,,,,,,,,,
786,0.001,,,,,,0.09536134,,,,,,,,,,,,,
787,0.001,,,,,,0.09146415,,,,,,,,,,,,,
788,0.001,,,,,,0.08951555,,,,,,,,,,,,,
789,0.001,,,,,,0.085618354,,,,,,,,,,,,,
790,0.001,,,,,,0.08560836,,,,,,,,,,,,,
791,0.001,,,,,,0.081721164,,,,,,,,,,,,,
792,0.001,,,,,,0.07782397,,,,,,,,,,,,,
793,0.001,,,,,,0.07587537,,,,,,,,,,,,,
794,0.001,,,,,,0.071978174,,,,,,,,,,,,,
795,0.001,,,,,,0.07196818,,,,,,,,,,,,,
796,0.001,,,,,,0.068070985,,,,,,,,,,,,,
797,0.001,,,,,,0.06418379,,,,,,,,,,,,,
798,0.001,,,,,,0.064173795,,,,,,,,,,,,,
799,0.001,,,,,,,,,,,,,,,,,,,
800,,,,,,,,,,,,,,,,,,,,
801,,,,,,,,,,,,,,,,,,,,
802,,,,,,,,,,,,,,,,,,,,
803,,,,,,,,,,,,,,,,,,,,
804,,,,,,,,,,,,,,,,,,,,
805,,,,,,,,,,,,,,,,,,,,
806,,,,,,,,,,,,,,,,,,,,
807,,,,,,,,,,,,,,,,,,,,
808,,,,,,,,,,,,,,,,,,,,
809,,,,,,,,,,,,,,,,,,,,
810,,,,,,,,,,,,,,,,,,,,
811,,,,,,,,,,,,,,,,,,,,
812,,,,,,,,,,,,,,,,,,,,
813,,,,,,,,,,,,,,,,,,,,
814,,,,,,,,,,,,,,,,,,,,
815,,,,,,,,,,,,,,,,,,,,
816,,,,,,,,,,,,,,,,,,,,
817,,,,,,,,,,,,,,,,,,,,
818,,,,,,,,,,,,,,,,,,,,
819,,,,,,,,,,,,,,,,,,,,
820,,,,,,,,,,,,,,,,,,,,
821,,,,,,,,,,,,,,,,,,,,
822,,,,,,,,,,,,,,,,,,,,
823,,,,,,,,,,,,,,,,,,,,
824,,,,,,,,,,,,,,,,,,,,
825,,,,,,,,,,,,,,,,,,,,
826,,,,,,,,,,,,,,,,,,,,
827,,,,,,,,,,,,,,,,,,,,
828,,,,,,,,,,,,,,,,,,,,
829,,,,,,,,,,,,,,,,,,,,
830,,,,,,,,,,,,,,,,,,,,
831,,,,,,,,,,,,,,,,,,,,
832,,,,,,,,,,,,,,,,,,,,
833,,,,,,,,,,,,,,,,,,,,
834,,,,,,,,,,,,,,,,,,,,
835,,,,,,,,,,,,,,,,,,,,
836,,,,,,,,,,,,,,,,,,,,
837,,,,,,,,,,,,,,,,,,,,
838,,,,,,,,,,,,,,,,,,,,
839,,,,,,,,,,,,,,,,,,,,
840,,,,,,,,,,,,,,,,,,,,
841,,,,,,,,,,,,,,,,,,,,
842,,,,,,,,,,,,,,,,,,,,
843,,,,,,,,,,,,,,,,,,,,
844,,,,,,,,,,,,,,,,,,,,
845,,,,,,,,,,,,,,,,,,,,
846,,,,,,,,,,,,,,,,,,,,
847,,,,,,,,,,,,,,,,,,,,
848,,,,,,,,,,,,,,,,,,,,
849,,,,,,,,,,,,,,,,,,,,
850,,,,,,,,,,,,,,,,,,,,
851,,,,,,,,,,,,,,,,,,,,
852,,,,,,,,,,,,,,,,,,,,
853,,,,,,,,,,,,,,,,,,,,
854,,,,,,,,,,,,,,,,,,,,
855,,,,,,,,,,,,,,,,,,,,
856,,,,,,,,,,,,,,,,,,,,
857,,,,,,,,,,,,,,,,,,,,
858,,,,,,,,,,,,,,,,,,,,
859,,,,,,,,,,,,,,,,,,,,
860,,,,,,,,,,,,,,,,,,,,
861,,,,,,,,,,,,,,,,,,,,
862,,,,,,,,,,,,,,,,,,,,
863,,,,,,,,,,,,,,,,,,,,
864,,,,,,,,,,,,,,,,,,,,
865,,,,,,,,,,,,,,,,,,,,
866,,,,,,,,,,,,,,,,,,,,
867,,,,,,,,,,,,,,,,,,,,
868,,,,,,,,,,,,,,,,,,,,
869,,,,,,,,,,,,,,,,,,,,
870,,,,,,,,,,,,,,,,,,,,
871,,,,,,,,,,,,,,,,,,,,
872,,,,,,,,,,,,,,,,,,,,
873,,,,,,,,,,,,,,,,,,,,
874,,,,,,,,,,,,,,,,,,,,
875,,,,,,,,,,,,,,,,,,,,
876,,,,,,,,,,,,,,,,,,,,
877,,,,,,,,,,,,,,,,,,,,
878,,,,,,,,,,,,,,,,,,,,
879,,,,,,,,,,,,,,,,,,,,
880,,,,,,,,,,,,,,,,,,,,
881,,,,,,,,,,,,,,,,,,,,
882,,,,,,,,,,,,,,,,,,,,
883,,,,,,,,,,,,,,,,,,,,
884,,,,,,,,,,,,,,,,,,,,
885,,,,,,,,,,,,,,,,,,,,
886,,,,,,,,,,,,,,,,,,,,
887,,,,,,,,,,,,,,,,,,,,
888,,,,,,,,,,,,,,,,,,,,
889,,,,,,,,,,,,,,,,,,,,
890,,,,,,,,,,,,,,,,,,,,
891,,,,,,,,,,,,,,,,,,,,
892,,,,,,,,,,,,,,,,,,,,
893,,,,,,,,,,,,,,,,,,,,
894,,,,,,,,,,,,,,,,,,,,
895,,,,,,,,,,,,,,,,,,,,
896,,,,,,,,,,,,,,,,,,,,
897,,,,,,,,,,,,,,,,,,,,
898,,,,,,,,,,,,,,,,,,,,
899,,,,,,,,,,,,,,,,,,,,
900,,,,,,,,,,,,,,,,,,,,
901,,,,,,,,,,,,,,,,,,,,
902,,,,,,,,,,,,,,,,,,,,
903,,,,,,,,,,,,,,,,,,,,
904,,,,,,,,,,,,,,,,,,,,
905,,,,,,,,,,,,,,,,,,,,
906,,,,,,,,,,,,,,,,,,,,
907,,,,,,,,,,,,,,,,,,,,
908,,,,,,,,,,,,,,,,,,,,
909,,,,,,,,,,,,,,,,,,,,
910,,,,,,,,,,,,,,,,,,,,
911,,,,,,,,,,,,,,,,,,,,
912,,,,,,,,,,,,,,,,,,,,
913,,,,,,,,,,,,,,,,,,,,
914,,,,,,,,,,,,,,,,,,,,
915,,,,,,,,,,,,,,,,,,,,
916,,,,,,,,,,,,,,,,,,,,
917,,,,,,,,,,,,,,,,,,,,
918,,,,,,,,,,,,,,,,,,,,
919,,,,,,,,,,,,,,,,,,,,
920,,,,,,,,,,,,,,,,,,,,
921,,,,,,,,,,,,,,,,,,,,
922,,,,,,,,,,,,,,,,,,,,
923,,,,,,,,,,,,,,,,,,,,
924,,,,,,,,,,,,,,,,,,,,
925,,,,,,,,,,,,,,,,,,,,
926,,,,,,,,,,,,,,,,,,,,
927,,,,,,,,,,,,,,,,,,,,
928,,,,,,,,,,,,,,,,,,,,
929,,,,,,,,,,,,,,,,,,,,
930,,,,,,,,,,,,,,,,,,,,
931,,,,,,,,,,,,,,,,,,,,
932,,,,,,,,,,,,,,,,,,,,
933,,,,,,,,,,,,,,,,,,,,
934,,,,,,,,,,,,,,,,,,,,
935,,,,,,,,,,,,,,,,,,,,
936,,,,,,,,,,,,,,,,,,,,
937,,,,,,,,,,,,,,,,,,,,
938,,,,,,,,,,,,,,,,,,,,
939,,,,,,,,,,,,,,,,,,,,
940,,,,,,,,,,,,,,,,,,,,
941,,,,,,,,,,,,,,,,,,,,
942,,,,,,,,,,,,,,,,,,,,
943,,,,,,,,,,,,,,,,,,,,
944,,,,,,,,,,,,,,,,,,,,
945,,,,,,,,,,,,,,,,,,,,
946,,,,,,,,,,,,,,,,,,,,
947,,,,,,,,,,,,,,,,,,,,
948,,,,,,,,,,,,,,,,,,,,
949,,,,,,,,,,,,,,,,,,,,
950,,,,,,,,,,,,,,,,,,,,
951,,,,,,,,,,,,,,,,,,,,
952,,,,,,,,,,,,,,,,,,,,
953,,,,,,,,,,,,,,,,,,,,
954,,,,,,,,,,,,,,,,,,,,
955,,,,,,,,,,,,,,,,,,,,
956,,,,,,,,,,,,,,,,,,,,
957,,,,,,,,,,,,,,,,,,,,
958,,,,,,,,,,,,,,,,,,,,
959,,,,,,,,,,,,,,,,,,,,
960,,,,,,,,,,,,,,,,,,,,
961,,,,,,,,,,,,,,,,,,,,
962,,,,,,,,,,,,,,,,,,,,
963,,,,,,,,,,,,,,,,,,,,
964,,,,,,,,,,,,,,,,,,,,
965,,,,,,,,,,,,,,,,,,,,
966,,,,,,,,,,,,,,,,,,,,
967,,,,,,,,,,,,,,,,,,,,
968,,,,,,,,,,,,,,,,,,,,
969,,,,,,,,,,,,,,,,,,,,
970,,,,,,,,,,,,,,,,,,,,
971,,,,,,,,,,,,,,,,,,,,
972,,,,,,,,,,,,,,,,,,,,
973,,,,,,,,,,,,,,,,,,,,
974,,,,,,,,,,,,,,,,,,,,
975,,,,,,,,,,,,,,,,,,,,
976,,,,,,,,,,,,,,,,,,,,
977,,,,,,,,,,,,,,,,,,,,
978,,,,,,,,,,,,,,,,,,,,
979,,,,,,,,,,,,,,,,,,,,
980,,,,,,,,,,,,,,,,,,,,
981,,,,,,,,,,,,,,,,,,,,
982,,,,,,,,,,,,,,,,,,,,
983,,,,,,,,,,,,,,,,,,,,
984,,,,,,,,,,,,,,,,,,,,
985,,,,,,,,,,,,,,,,,,,,
986,,,,,,,,,,,,,,,,,,,,
987,,,,,,,,,,,,,,,,,,,,
988,,,,,,,,,,,,,,,,,,,,
989,,,,,,,,,,,,,,,,,,,,
990,,,,,,,,,,,,,,,,,,,,
991,,,,,,,,,,,,,,,,,,,,
992,,,,,,,,,,,,,,,,,,,,
993,,,,,,,,,,,,,,,,,,,,
994,,,,,,,,,,,,,,,,,,,,
995,,,,,,,,,,,,,,,,,,,,
996,,,,,,,,,,,,,,,,,,,,
997,,,,,,,,,,,,,,,,,,,,
998,,,,,,,,,,,,,,,,,,,,
999,,,,,,,,,,,,,,,,,,,,
