Wavelength,ATTO425 EM,ATTO425 EX,ATTO465 EM,ATTO465 EX,FAM EM,FAM EX,ATTO488 EM,ATTO488 EX,JOE EM,JOE EX,HEX EM,HEX EX,Cy3 EM,Cy3 EX,ROX EM,ROX EX,Cy3.5 EM,Cy3.5 EX,CAL560 EM,CAL560 EX,CAL590 EM,CAL590 EX,CAL610 EM,CAL610 EX,Cy5 EM,Cy5 EX,Cy5.5 EM,Cy5.5 EX
250,,0.058339394,,0.191642428,,,,0.14798788,,0.4931,,,,,,0.2281,,,,,,,,,,,,
251,,0.054618182,,0.170527276,,,,0.151763638,,0.4814,,,,,,0.225,,,,,,,,,,,,
252,,0.051288744,,0.150273595,,,,0.155184417,,0.4646,,,,,,0.2234,,,,,,,,,,,,
253,,0.048351082,,0.130881387,,,,0.158250218,,0.4345,,,,,,0.2242,,,,,,,,,,,,
254,,0.045805194,,0.11235065,,,,0.16096104,,0.4101,,,,,,0.227,,,,,,,,,,,,
255,,0.043926407,,0.093255411,,,,0.163428571,,0.3847,,,,,,0.2321,,,,,,,,,,,,
256,,0.042160173,,0.076199134,,,,0.165480518,,0.3512,,,,,,0.2386,,,,,,,,,,,,
257,,0.040554113,,0.061709957,,,,0.167099565,,0.3283,,,,,,0.2472,,,,,,,,,,,,
258,,0.039311688,,0.049510822,,,,0.168004327,,0.3075,,,,,,0.2556,,,,,,,,,,,,
259,,0.03821645,,0.039580086,,,,0.168311686,,0.2831,,,,,,0.2652,,,,,,,,,,,,
260,,0.037203463,,0.031683983,,,,0.167675323,,0.268,,,,,,0.2757,,,,,,,,,,,,
261,,0.036164502,,0.025329005,,,,0.166233764,,0.255,,,,,,0.2857,,,,,,,,,,,,
262,,0.035324676,,0.020000001,,,,0.163658006,,0.2398,,,,,,0.2961,,,,,,,,,,,,
263,,0.034199135,,0.015398269,,,,0.159861469,,0.2307,,,,,,0.3058,,,,,,,,,,,,
264,,0.032922079,,0.011952381,,,,0.154818181,,0.223,,,,,,0.3147,,,,,,,,,,,,
265,,0.031445888,,0.009290043,,,,0.148896107,,0.2142,,,,,,0.3221,,,,,,,,,,,,
266,,0.030251082,,0.007506494,,,,0.142285718,,0.2091,,,,,,0.3278,,,,,,,,,,,,
267,,0.029246753,,0.006679654,,,,0.135242429,,0.2045,,,,,,0.331,,,,,,,,,,,,
268,,0.028389611,,0.006441559,,,,0.127952386,,0.1991,,,,,,0.3303,,,,,,,,,,,,
269,,0.027878788,,0.006445888,,,,0.12062771,,0.1959,,,,,,0.3258,,,,,,,,,,,,
270,,0.027627707,,0.006458875,,,,0.113372296,,0.1938,,,,,,0.317,,,,,,,,,,,,
271,,0.02735498,,0.006220779,,,,0.10595671,,0.1915,,,,,,0.3057,,,,,,,,,,,,
272,,0.026779222,,0.006108225,,,,0.098727271,,0.1904,,,,,,0.2928,,,,,,,,,,,,
273,,0.025813853,,0.006077922,,,,0.091761905,,0.1901,,,,,,0.278,,,,,,,,,,,,
274,,0.0245671,,0.006419914,,,,0.085536797,,0.1901,,,,,,0.2632,,,,,,,,,,,,
275,,0.023432901,,0.007,,,,0.079796537,,0.1904,,,,,,0.2498,,,,,,,,,,,,
276,,0.022277056,,0.007489178,,,,0.075264068,,0.1911,,,,,,0.2366,,,,,,,,,,,,
277,,0.021251082,,0.007800866,,,,0.071935064,,0.1924,,,,,,0.2249,,,,,,,,,,,,
278,,0.020324675,,0.008,,,,0.069696969,,0.1936,,,,,,0.2151,,,,,,,,,,,,
279,,0.019848484,,0.008108225,,,,0.068376624,,0.1948,,,,,,0.2066,,,,,,,,,,,,
280,,0.019558441,,0.008571429,,,,0.068025974,,0.1966,,,,,,0.1987,,,,,,,,,,,,
281,,0.019480519,,0.009168831,,,,0.068346322,,0.1985,,,,,,0.1921,,,,,,,,,,,,
282,,0.019415584,,0.009632034,,,,0.069017318,,0.2001,,,,,,0.1861,,,,,,,,,,,,
283,,0.01964935,,0.010116883,,,,0.069740261,,0.202,,,,,,0.1816,,,,,,,,,,,,
284,,0.020047619,,0.010402597,,,,0.070658009,,0.2033,,,,,,0.1777,,,,,,,,,,,,
285,,0.02048052,,0.010510822,,,,0.071445886,,0.204,,,,,,0.1738,,,,,,,,,,,,
286,,0.021017316,,0.010705628,,,,0.07177922,,0.2038,,,,,,0.1706,,,,,,,,,,,,
287,,0.021878788,,0.011160173,,,,0.07199567,,0.2027,,,,,,0.17,,,,,,,,,,,,
288,,0.022818182,,0.012138528,,,,0.071809522,,0.2006,,,,,,0.1678,,,,,,,,,,,,
289,,0.024060606,,0.013,,,,0.071307358,,0.1964,,,,,,0.1672,,,,,,,,,,,,
290,,0.025077923,,0.013770563,,,,0.070376624,,0.1925,,,,,,0.168,,,,,,,,,,,,
291,,0.026203464,,0.014718615,,,,0.069415586,,0.1876,,,,,,0.1694,,,,,,,,,,,,
292,,0.02739394,,0.015402598,,,,0.068380954,,0.1794,,,,,,0.1712,,,,,,,,,,,,
293,,0.028515152,,0.016000001,,,,0.067073595,,0.1725,,,,,,0.1743,,,,,,,,,,,,
294,,0.029675325,,0.016597403,,,,0.065471863,,0.1649,,,,,,0.1776,,,,,,,,,,,,
295,,0.031030303,,0.017281386,,,,0.063640694,,0.1535,,,,,,0.1813,,,,,,,,,,,,
296,,0.032359307,,0.018229437,,,,0.061354979,,0.1445,,,,,,0.185,,,,,,,,,,,,
297,,0.033878788,,0.018909091,,,,0.058948053,,0.1357,,,,,,0.1886,,,,,,,,,,,,
298,,0.035476191,,0.01964935,,,,0.056372296,,0.1233,,,,,,0.1922,,,,,,,,,,,,
299,,0.037419914,,0.020645021,,,,0.054,,0.1143,,,,,,0.1949,,,,,,,,,,,,
300,,0.039510822,,0.021761905,,0.092488803,,0.051627706,,0.1059,,0.150251999,,,,0.1969,,,,,,,,,,,,
301,,0.041597402,,0.023246754,,0.089265697,,0.049142857,,0.0951,,0.147851005,,,,0.1979,,,,,,,,,,,,
302,,0.043770563,,0.024878788,,0.086182699,,0.046675324,,0.0879,,0.143803999,,,,0.1988,,,,0.190672994,,0.14,,0.125238001,,,,
303,,0.046030303,,0.026770563,,0.084361002,,0.044311687,,0.0816,,0.138025999,,,,0.1981,,,,0.182007998,,0.14,,0.122470997,,,,
304,,0.048,,0.028748918,,0.083239898,,0.042186146,,0.0737,,0.131047994,,,,0.1969,,,,0.173416004,,0.14,,0.120313004,,,,
305,,0.050060607,,0.03026407,,0.082539201,,0.040341991,,0.0689,,0.123217002,,,,0.1965,,,,0.164667994,,0.14,,0.118577003,,,,
306,,0.052077923,,0.031627706,,0.082258999,,0.038445887,,0.0649,,0.114831001,,,,0.1938,,,,0.155886993,,0.14,,0.117192999,,,,
307,,0.054203463,,0.033060606,,0.082679398,,0.03674026,,0.0598,,0.106973998,,,,0.192,,,,0.147018999,,0.14,,0.116100997,,,,
308,,0.05639394,,0.034359308,,0.083520196,,0.03504762,,0.0566,,0.098835997,,,,0.1909,,,,0.138159007,,0.14,,0.115318,,,,
309,,0.058515151,,0.035939394,,0.084501103,,0.03348052,,0.054,,0.091287203,,,,0.1898,,,,0.129494995,,0.14,,0.114924997,,,,
310,,0.060675324,,0.037645021,,0.086462997,,0.031926407,,0.0513,,0.0844208,,,,0.1884,,,,0.121100001,,0.13,,0.114770003,,,,
311,,0.062939394,,0.039653679,,0.089125603,,0.030939394,,0.0499,,0.078363799,,,,0.188,,,,0.113050997,,0.13,,0.114771999,,,,
312,,0.065419915,,0.041675324,,0.091647997,,0.029987012,,0.0482,,0.072781302,,,,0.1865,,,,0.105502002,,0.13,,0.114956997,,,,
313,,0.068138529,,0.043709957,,0.094730899,,0.029203463,,0.0466,,0.0676594,,,,0.1852,,,,0.098557197,,0.13,,0.115301996,,,,
314,,0.070649352,,0.046138528,,0.099215202,,0.02830303,,0.0459,,0.063067801,,,,0.1841,,,,0.092277497,,0.12,,0.115618996,,,,
315,,0.073506494,,0.048541126,,0.102999002,,0.027575758,,0.0452,,0.059202,,,,0.1805,,,,0.086625896,,0.12,,0.115709998,,,,
316,,0.076510823,,0.05074026,,0.106642,,0.026844157,,0.0447,,0.055866499,,,,0.1767,,,,0.081654496,,0.11,,0.115566999,,,,
317,,0.079510823,,0.053134199,,0.111686997,,0.02626407,,0.0443,,0.052544899,,,,0.1726,,,,0.077324197,,0.11,,0.114992,,,,
318,,0.082597403,,0.055653679,,0.115050003,,0.025614719,,0.0438,,0.050311901,,,,0.1662,,,,0.073646799,,0.1,,0.113884002,,,,
319,,0.085679655,,0.058277057,,0.117853001,,0.025294373,,0.0434,,0.048386,,,,0.1589,,,,0.070510499,,0.090000004,,0.112179004,,,,
320,,0.089000001,,0.060848486,,0.121357001,,0.024705628,,0.0436,,0.046990398,,,,0.1519,,,,0.067886896,,0.079999998,,0.109842002,,,,
321,,0.092138528,,0.063696971,,0.122897997,,0.024294372,,0.0438,,0.045999501,,,,0.144,,,,0.065746501,,0.079999998,,0.106845997,,,,
322,,0.095251083,,0.067108227,,0.123457998,,0.023705628,,0.0443,,0.045566801,,,,0.135,,,,0.064083397,,0.07,,0.103132002,,,,
323,,0.098645021,,0.070419915,,0.122897997,,0.023203463,,0.0448,,0.045287699,,,,0.1272,,,,0.062843502,,0.059999999,,0.098831303,,,,
324,,0.102069263,,0.073878789,,0.121496998,,0.022766234,,0.0454,,0.044855099,,,,0.1194,,,,0.062022001,,0.059999999,,0.094108403,,,,
325,,0.105805195,,0.077506494,,0.119534999,,0.022372294,,0.0466,,0.044785298,,,,0.1108,,,,0.061571799,,0.050000001,,0.089025803,,,,
326,,0.110004329,,0.081190478,,0.116311997,,0.022,,0.0478,,0.044896901,,,,0.1041,,,,0.061466899,,0.039999999,,0.083650999,,,,
327,,0.114688312,,0.085108226,,0.113649003,,0.021627706,,0.0485,,0.0447434,,,,0.0967,,,,0.061649501,,0.039999999,,0.078219101,,,,
328,,0.119943723,,0.089017317,,0.110146001,,0.021142857,,0.0501,,0.0443247,,,,0.0905,,,,0.0621894,,0.039999999,,0.072820298,,,,
329,,0.125727274,,0.093251083,,0.104539998,,0.020857143,,0.0519,,0.044645701,,,,0.0848,,,,0.063032098,,0.029999999,,0.067539103,,,,
330,,0.131865799,,0.097675325,,0.100195996,,0.020372294,,0.0529,,0.0447434,,,,0.0802,,,,0.064048097,,0.029999999,,0.0624725,,,,
331,,0.13825108,,0.102203463,,0.096132301,,0.02,,0.0543,,0.0450923,,,,0.0767,,,,0.065283298,,0.029999999,,0.057724498,,,,
332,,0.144554113,,0.106705627,,0.089546002,,0.019627705,,0.0556,,0.045580801,,,,0.0736,,,,0.0667224,,0.029999999,,0.053347401,,,,
333,,0.151038962,,0.111112554,,0.084781401,,0.019233765,,0.0566,,0.046069302,,,,0.0692,,,,0.068253398,,0.029999999,,0.049317501,,,,
334,,0.157943724,,0.115645021,,0.0801569,,0.018796536,,0.0584,,0.0471997,,,,0.067,,,,0.069786802,,0.029999999,,0.045618601,,,,
335,,0.165285714,,0.120389611,,0.0732904,,0.018203462,,0.0589,,0.047911499,,,,0.065,,,,0.071359098,,0.029999999,,0.042327199,,,,
336,,0.173194807,,0.125298703,,0.068806097,,0.017766233,,0.0598,,0.049265198,,,,0.0623,,,,0.072977401,,0.029999999,,0.039324701,,,,
337,,0.181822513,,0.13070563,,0.063901298,,0.017372295,,0.0612,,0.050716698,,,,0.0601,,,,0.074542597,,0.029999999,,0.036647599,,,,
338,,0.191056277,,0.13619048,,0.057314999,,0.016909092,,0.0622,,0.052265801,,,,0.0589,,,,0.076154999,,0.029999999,,0.0342342,,,,
339,,0.200852815,,0.141909092,,0.053251099,,0.016597404,,0.0626,,0.053354401,,,,0.0571,,,,0.077860497,,0.029999999,,0.032111902,,,,
340,,0.211147189,,0.147597403,,0.049327299,,0.016281386,,0.0633,,0.054289401,,,,0.0559,,,,0.079600103,,0.029999999,,0.030235101,,,,
341,,0.221943726,,0.153190476,,0.043722,,0.016229438,,0.0647,,0.054931398,,,,0.0553,,,,0.081395201,,0.029999999,,0.028587701,,,,
342,,0.233086581,,0.159017315,,0.0403587,,0.016000001,,0.0665,,0.0548058,,,,0.0558,,,,0.083388202,,0.029999999,,0.0271526,,,,
343,,0.24468398,,0.164896104,,0.037275799,,0.015770564,,0.0693,,0.0538847,,,,0.0555,,,,0.085602902,,0.029999999,,0.025998401,,,,
344,,0.256913416,,0.171177489,,0.033351999,,0.015718615,,0.0714,,0.052265801,,,,0.056,,,,0.088067397,,0.029999999,,0.0251354,,,,
345,,0.269506487,,0.178125543,,0.030829599,,0.015402598,,0.0737,,0.0499072,,,,0.0566,,,,0.090788901,,0.039999999,,0.0243853,,,,
346,,0.282792199,,0.185389614,,0.0284473,,0.015,,0.0767,,0.047060098,,,,0.0577,,,,0.0936777,,0.039999999,,0.0239195,,,,
347,,0.296792197,,0.192818183,,0.0255045,,0.014597403,,0.0797,,0.043668799,,,,0.0585,,,,0.096531197,,0.039999999,,0.0236181,,,,
348,,0.311506483,,0.20027706,,0.0235426,,0.014190476,,0.0816,,0.0399983,,,,0.06,,,,0.099319801,,0.039999999,,0.023571299,,,,
349,,0.326822503,,0.207787881,,0.022001101,,0.014108225,,0.0828,,0.036397599,,,,0.0614,,,,0.102020003,,0.039999999,,0.0236958,,,,
350,,0.342653671,,0.215528139,,0.020319499,,0.014108225,,0.0837,,0.0326434,,,,0.063,,,,0.104263,,0.050000001,,0.0239412,,,,
351,,0.3592251,,0.223497834,,0.0193386,,0.014281385,,0.0842,,0.0290986,,,,0.0638,,,,0.105857998,,0.050000001,,0.0243511,,,,
352,,0.376316012,,0.2318961,,0.0182175,,0.014627706,,0.083,,0.026042201,,,,0.0648,,,,0.106834002,,0.050000001,,0.024787201,,,,
353,,0.39377489,,0.240787876,,0.0173767,,0.014861472,,0.0819,,0.022985799,,,,0.0665,,,,0.107167996,,0.050000001,,0.0252918,,,,
354,,0.411714283,,0.249909091,,0.0169563,,0.015030303,,0.0797,,0.0205993,,,,0.0674,,,,0.106835,,0.050000001,,0.025926501,,,,
355,,0.430086579,,0.258909095,,0.0162556,,0.015,,0.0758,,0.018296501,,,,0.0684,,,,0.105894998,,0.050000001,,0.026479101,,,,
356,,0.448913425,,0.267787885,,0.0155549,,0.014969697,,0.0726,,0.016175199,,,,0.07,,,,0.104252003,,0.059999999,,0.027071601,,,,
357,,0.468376623,,0.276896113,,0.0154148,,0.015138528,,0.0686,,0.0144865,,,,0.0713,,,,0.101928003,,0.059999999,,0.027736001,,,,
358,,0.488255405,,0.286406934,,0.0152747,,0.015281386,,0.0626,,0.0130337,,,,0.0733,,,,0.0989144,,0.059999999,,0.028456399,,,,
359,,0.50872727,,0.296316024,,0.0151345,,0.015506494,,0.0589,,0.0121837,,,,0.0755,,,,0.095594198,,0.059999999,,0.029493,,,,
360,,0.529554111,,0.306683984,,0.0152747,,0.015969698,,0.0547,,0.011151,,,,0.0776,,,,0.092051201,,0.059999999,,0.030848101,,,,
361,,0.550562776,,0.317593071,,0.0151345,,0.016450217,,0.0487,,0.0102857,,,,0.0802,,,,0.088233598,,0.059999999,,0.032430399,,,,
362,,0.571735934,,0.329194801,,0.0151345,,0.016969697,,0.0443,,0.00992282,,,,0.0835,,,,0.084148496,,0.050000001,,0.034064099,,,,
363,,0.592878792,,0.341242421,,0.0155549,,0.017506493,,0.0403,,0.00953205,,,,0.0861,,,,0.0797804,,0.050000001,,0.035571098,,,,
364,,0.614281396,,0.354043286,,0.0159753,,0.018372294,,0.0353,,0.00902963,,,,0.0891,,,,0.0753747,,0.050000001,,0.037002701,,,,
365,,0.635766238,,0.367748918,,0.0162556,,0.019077921,,0.0322,,0.00887611,,,,0.0928,,,,0.071135201,,0.050000001,,0.038642,,,,
366,,0.657203467,,0.382445885,,0.016535901,,0.019800865,,0.0292,,0.00870864,,,,0.095,,,,0.067114897,,0.050000001,,0.0403203,,,,
367,,0.678796539,,0.397870131,,0.016395699,,0.020675325,,0.0255,,0.00895985,,,,0.0975,,,,0.063383304,,0.039999999,,0.042174298,,,,
368,,0.700324668,,0.413935063,,0.016675999,,0.021562771,,0.0234,,0.00895985,,,,0.0993,,,,0.059799101,,0.039999999,,0.0437828,,,,
369,,0.721748915,,0.430640691,,0.017236499,,0.022705628,,0.0218,,0.0089738,,,,0.1004,,,,0.056494199,,0.039999999,,0.044997498,,,,
370,,0.743073591,,0.448164504,,0.017516799,,0.024017316,,0.02,,0.00898776,,,,0.1004,,,,0.053566501,,0.029999999,,0.045990799,,,,
371,,0.764103897,,0.466242423,,0.017797099,,0.025562771,,0.0186,,0.00935062,,,,0.1002,,,,0.050928701,,0.029999999,,0.0468002,,,,
372,,0.784913424,,0.485164503,,0.0179372,,0.027363636,,0.0176,,0.00943436,,,,0.0987,,,,0.0485726,,0.029999999,,0.047553599,,,,
373,,0.805086582,,0.504822506,,0.0180774,,0.029112554,,0.0165,,0.00961579,,,,0.0964,,,,0.0464723,,0.029999999,,0.0482786,,,,
374,,0.824805195,,0.525177476,,0.0182175,,0.031077922,,0.0164,,0.00981117,,,,0.0937,,,,0.044531099,,0.029999999,,0.048530899,,,,
375,,0.843896099,,0.546017307,,0.0184978,,0.032969697,,0.016,,0.0102578,,,,0.0905,,,,0.042683002,,0.02,,0.048244301,,,,
376,,0.862298694,,0.566999995,,0.018778,,0.034878788,,0.0156,,0.0103834,,,,0.0868,,,,0.041085899,,0.02,,0.047423501,,,,
377,,0.880108219,,0.587891772,,0.018778,,0.037047619,,0.0156,,0.0108021,,,,0.0829,,,,0.0397989,,0.02,,0.046200801,,,,
378,,0.896909083,,0.608701304,,0.019198401,,0.039341991,,0.0155,,0.0110533,,,,0.0787,,,,0.038644999,,0.02,,0.044760101,,,,
379,,0.912770552,,0.629103906,,0.0196188,,0.041675324,,0.0153,,0.0111231,,,,0.0746,,,,0.037613701,,0.02,,0.0429997,,,,
380,0.001115152,0.927718603,,0.649194823,,0.0196188,,0.044112553,,0.0151,,0.0116255,,,,0.0714,,,,0.036800399,,0.02,,0.041049801,,,,
381,0.000912121,0.941584404,,0.668822532,,0.019758999,,0.046675324,,0.0153,,0.0118627,,,,0.0673,,,,0.0360885,,0.02,,0.038928598,,,,
382,0.0008671,0.954242421,,0.688056293,,0.019758999,,0.0494329,,0.0155,,0.0125466,,,,0.0634,,,,0.035482701,,0.02,,0.036669299,,,,
383,0.000980087,0.965653689,,0.706852825,,0.019758999,,0.051987012,,0.0156,,0.0130071,,,,0.0608,,,,0.035062,,0.02,,0.034437399,,,,
384,0.001251082,0.9757143,,0.725147196,,0.0201794,,0.054800865,,0.016,,0.0129374,,,,0.0564,,,,0.034846298,,0.02,,0.032368802,,,,
385,0.001645022,0.984298715,,0.742852809,,0.0204596,,0.057584416,,0.0164,,0.0137608,,,,0.0545,,,,0.034654099,,0.02,,0.0303641,,,,
386,0.002251082,0.991017324,,0.760056271,,0.0201794,,0.060714286,,0.0165,,0.0139003,,,,0.0521,,,,0.034508001,,0.02,,0.028395901,,,,
387,0.00295671,0.996060608,,0.776640684,,0.0198991,,0.063813854,,0.0165,,0.0142074,,,,0.05,,,,0.034432601,,0.02,,0.026617199,,,,
388,0.003939394,0.999060612,,0.793043287,,0.019758999,,0.067082253,,0.0167,,0.0144725,,,,0.0485,,,,0.034347702,,0.02,,0.025061199,,,,
389,0.00495671,0.99993507,,0.809168834,,0.0193386,,0.070584418,,0.0167,,0.0150168,,,,0.0471,,,,0.034280501,,0.02,,0.0233978,,,,
390,0.006160173,0.998450219,0.001115152,0.825432902,,0.0193386,,0.074341993,,0.0165,,0.0155192,,,,0.0458,,,,0.034458499,,0.02,,0.0220815,,,,
391,0.007432901,0.994549782,0.000912121,0.841584412,,0.0193386,,0.077956712,,0.0169,,0.015770501,,,,0.0447,,,,0.034554001,,0.02,,0.0209581,,,,
392,0.009147186,0.987883114,0.0008671,0.858173152,,0.0190583,,0.081848487,,0.0169,,0.0160356,,,,0.0439,,,,0.034596398,,0.02,,0.020053999,,,,
393,0.011454545,0.978696966,0.000980087,0.874844143,,0.018918199,,0.0858355,,0.0169,,0.0164124,,,,0.0432,,,,0.034542199,,0.02,,0.019149801,,,,
394,0.014194805,0.966883114,0.001251082,0.89175756,,0.0184978,,0.0902684,,0.0167,,0.016635699,,,,0.0427,,,,0.034379501,,0.02,,0.0183015,,,,
395,0.017471861,0.952640689,0.001554113,0.908636346,,0.018357599,,0.094943724,,0.0171,,0.0171382,,,,0.0424,,,,0.034225099,,0.02,,0.0177147,,,,
396,0.02161039,0.935571433,0.002038961,0.925562764,,0.0182175,,0.100147187,,0.0171,,0.017319599,,,,0.0419,,,,0.0341391,,0.02,,0.0171862,,,,
397,0.026402598,0.916008668,0.003034632,0.941826837,,0.0184978,,0.105852814,,0.0167,,0.017808,,,,0.0418,,,,0.033956401,,0.02,,0.0168186,,,,
398,0.032108225,0.893883123,0.004406926,0.957099573,,0.018637899,,0.111965368,,0.0169,,0.0182686,,,,0.0412,,,,0.033794899,,0.02,,0.016744399,,,,
399,0.038896105,0.869147186,0.006359307,0.970567103,,0.018637899,,0.118792207,,0.0169,,0.018575599,,,,0.0415,,,,0.033473201,,0.02,,0.016581099,,,,
400,0.047086581,0.8417316,0.008675325,0.982238092,,0.0190583,,0.126333332,,0.0169,,0.018966399,,0.0019,,0.0415,,,,0.0330736,,0.02,,0.0164178,,,,
401,0.056822512,0.812073583,0.011004329,0.991077927,,0.0190583,,0.134476189,,0.0169,,0.0191758,,0.002,,0.0412,,,,0.032667,,0.02,,0.0163939,,,,
402,0.068073594,0.779939379,0.013103896,0.997207787,,0.0193386,,0.143510819,,0.0169,,0.019566501,,0.0019,,0.0411,,,,0.032352298,,0.029999999,,0.0163288,,,,
403,0.081030304,0.745666644,0.014991342,0.999614712,,0.0196188,,0.152995668,,0.0174,,0.0201666,,0.0019,,0.0412,,,,0.0321366,,0.029999999,,0.0164041,,,,
404,0.095969698,0.709701285,0.016991342,0.99825974,,0.0201794,,0.163086575,,0.0174,,0.020278299,,0.0022,,0.0413,,,,0.031786501,,0.029999999,,0.016602799,,,,
405,0.112926407,0.672510815,0.019645022,0.992168833,,0.0207399,,0.17363203,,0.0172,,0.020501601,,0.0021,,0.0418,,,,0.0312526,,0.029999999,,0.0167078,,,,
406,0.132268398,0.634316017,0.023138529,0.981316027,,0.020880001,,0.184458871,,0.0174,,0.021031899,,0.0025,,0.0423,,,,0.030912001,,0.029999999,,0.0167649,,,,
407,0.153852815,0.595670995,0.027969698,0.965471874,,0.0213004,,0.196034628,,0.0174,,0.021157499,,0.0021,,0.0426,,,,0.0305843,,0.029999999,,0.016945301,,,,
408,0.178025974,0.556909092,0.033818183,0.94448486,,0.021861,,0.207896102,,0.0174,,0.0216181,,0.002,,0.0427,,,,0.030156501,,0.029999999,,0.0171827,,,,
409,0.204961038,0.51838961,0.040787879,0.918372316,,0.022281401,,0.220160171,,0.0178,,0.021883201,,0.0024,,0.0435,,,,0.029846501,,0.029999999,,0.0174396,,,,
410,0.234748913,0.479943721,0.048987013,0.887653695,,0.022841901,,0.232675324,,0.0181,,0.0220368,,0.0024,,0.0438,,,,0.029599,,0.029999999,,0.017604001,,,,
411,0.267064928,0.441844151,0.058437229,0.852129877,,0.0236827,,0.245294372,,0.0181,,0.0221205,,0.003,,0.0443,,,,0.0293267,,0.029999999,,0.018012701,,,,
412,0.301740253,0.404536799,0.069268397,0.812792205,,0.024243301,,0.257917746,,0.0185,,0.0223577,,0.0024,,0.0446,,,,0.028942499,,0.029999999,,0.018438499,,,,
413,0.338519476,0.368268399,0.081432901,0.76971428,,0.025364401,,0.270398267,,0.0188,,0.022427499,,0.0027,,0.0454,,,,0.028598299,,0.029999999,,0.0188176,,,,
414,0.377103889,0.333333334,0.094948051,0.724160165,,0.0264854,,0.282389611,,0.019,,0.022595,,0.0027,,0.0456,,,,0.028342601,,0.029999999,,0.019259401,,,,
415,0.417194797,0.300090908,0.109943721,0.676857134,,0.0274664,,0.294099568,,0.0193,,0.0227904,,0.0031,,0.0463,,,,0.0280903,,0.02,,0.0198188,,,,
416,0.459095226,0.268969695,0.126285712,0.628445881,,0.0290078,,0.305004331,,0.0197,,0.0227206,,0.0031,,0.0463,,,,0.027806301,,0.02,,0.0201727,,,,
417,0.502601721,0.240047615,0.144285711,0.579943725,,0.0304092,,0.315129867,,0.02,,0.0227904,,0.0031,,0.0468,,,,0.027518701,,0.02,,0.020496899,,,,
418,0.547497823,0.213341986,0.16403463,0.532060611,,0.031950701,,0.324341991,,0.0204,,0.0227485,,0.0033,,0.0471,,,,0.0272299,,0.02,,0.0209364,,,,
419,0.592822497,0.188675319,0.184978354,0.485134204,,0.0340527,,0.333056273,,0.0209,,0.0228462,,0.0035,,0.0473,,,,0.026985999,,0.02,,0.0213075,,,,
420,0.63757142,0.166203461,0.207385285,0.440151522,,0.0357343,,0.34124242,,0.0211,,0.022692701,,0.0037,,0.0472,,,,0.026812701,,0.02,,0.0217299,,,,
421,0.681203464,0.145887444,0.23101732,0.397064946,,0.037556101,,0.349,,0.0211,,0.022860199,,0.0037,,0.0472,,,,0.026597001,,0.02,,0.0220838,,,,
422,0.723000002,0.127354977,0.255792211,0.356519485,,0.040498901,,0.356757576,,0.0215,,0.023027699,,0.004,,0.0477,,,,0.0264792,,0.02,,0.0223669,,,,
423,0.762614715,0.110701299,0.281826843,0.318497838,,0.042741001,,0.364852814,,0.0218,,0.0230974,,0.0044,,0.0475,,,,0.0263707,,0.02,,0.0226181,,,,
424,0.799913418,0.095731604,0.308861474,0.283277055,,0.044983201,,0.37335498,,0.0222,,0.023069501,,0.0045,,0.047,,,,0.026098499,,0.02,,0.022672901,,,,
425,0.834757576,0.082428573,0.337012989,0.250917743,,0.048486501,0.001115152,0.38282684,,0.0227,,0.0230137,,0.0051,,0.0471,,,,0.025852101,,0.02,,0.0227722,,,,
426,0.867121209,0.070709958,0.365822517,0.221415578,,0.051008999,0.000912121,0.393298704,,0.0229,,0.0233486,,0.005,,0.047,,,,0.0255799,,0.02,,0.022928599,,,,
427,0.896316019,0.060471862,0.395147196,0.194748914,,0.053671502,0.0008671,0.40499567,,0.0234,,0.023488199,,0.0053,,0.0465,,,,0.025549199,,0.02,,0.023014201,,,,
428,0.921696972,0.051722944,0.424974034,0.171255412,,0.057735398,0.000980087,0.4182987,,0.0239,,0.023488199,,0.0057,,0.0461,,,,0.0255362,,0.02,,0.023126099,,,,
429,0.943095251,0.044203463,0.455129869,0.150346322,,0.0608184,0.001251082,0.433372297,,0.0244,,0.023488199,,0.0058,,0.0464,,,,0.0253477,,0.02,,0.023038199,,,,
430,0.960484857,0.0375671,0.485463199,0.131969699,,0.064041503,0.001735931,0.45055844,,0.0251,,0.023920801,,0.0058,,0.0461,,,,0.025115499,,0.02,,0.022932,,,,
431,0.974303036,0.032043291,0.516129862,0.115519483,,0.068385698,0.002190476,0.469865794,,0.0257,,0.0241441,,0.006,,0.0456,,,,0.0249281,,0.02,,0.022808701,,,,
432,0.984922085,0.027242425,0.54724675,0.100965368,,0.071748897,0.002878788,0.491774886,,0.0266,,0.024004599,,0.006,,0.0454,,,,0.0248845,,0.02,,0.022768799,,,,
433,0.992601743,0.023194806,0.57878355,0.087943722,,0.075112097,0.003554113,0.516437217,,0.0274,,0.0244093,,0.0073,,0.0446,,,,0.024963399,,0.02,,0.022515301,,,,
434,0.997489184,0.019683983,0.610134204,0.076268398,,0.080016799,0.004502165,0.5433896,,0.0283,,0.024646601,,0.0079,,0.0448,,,,0.024975199,,0.02,,0.0224308,,,,
435,0.999108235,0.016714286,0.64097403,0.065926406,,0.083800502,0.00574026,0.572688299,,0.0295,,0.024842,,0.0078,,0.0447,,,,0.025149699,,0.02,,0.0222288,,,,
436,0.997467537,0.014177489,0.671155849,0.056878787,,0.087584101,0.007350649,0.604012978,,0.0309,,0.025023401,,0.0088,,0.0444,,,,0.025156699,,0.02,,0.0219285,,,,
437,0.993021652,0.012034632,0.700558441,0.04890909,,0.093469702,0.009528139,0.637268405,,0.0324,,0.025232701,,0.0087,,0.0439,,,,0.025036501,,0.02,,0.021743599,,,,
438,0.986112547,0.010268398,0.728991341,0.041999999,,0.097953998,0.012307359,0.67185715,,0.0338,,0.0258328,,0.0095,,0.0442,,,,0.0251108,,0.02,,0.0214079,,,,
439,0.977497831,0.008835498,0.756705625,0.036090908,,0.102719001,0.015658009,0.707337664,,0.0355,,0.0259584,,0.0097,,0.0434,,,,0.0256093,,0.02,,0.0211716,,,,
440,0.967402587,0.007848485,0.783952375,0.031212121,,0.110146001,0.019878788,0.743645025,,0.0375,,0.026628301,,0.0104,,0.0435,,,,0.025904,,0.02,,0.020961599,,,,
441,0.955766224,0.00695671,0.810073587,0.027103896,,0.115891002,0.02517749,0.780255403,,0.0394,,0.0271866,,0.0108,,0.0436,,,,0.0262894,,0.01,,0.0206887,,,,
442,0.942640683,0.006251082,0.834727264,0.023683983,,0.122056998,0.03187013,0.816541116,,0.042,,0.0276192,,0.0118,,0.043,,,,0.026729001,,0.01,,0.0206168,,,,
443,0.927969692,0.005645022,0.857372288,0.020805195,,0.131446004,0.040112555,0.852077907,,0.0441,,0.028317001,,0.0122,,0.0428,,,,0.0272936,,0.01,,0.020408999,,,,
444,0.912316022,0.005341991,0.878411254,0.018207792,,0.139014006,0.050662338,0.885896089,,0.0464,,0.0290707,,0.0129,,0.0426,,,,0.028047901,,0.01,,0.020349599,,,,
445,0.896303038,0.005077922,0.897709957,0.015896104,,0.147000998,0.063294373,0.917207787,,0.0498,,0.029796399,,0.0136,,0.0423,,,,0.028844699,,0.01,,0.020253699,,,,
446,0.880090918,0.004831169,0.91548919,0.013896104,,0.159052998,0.078757576,0.944805189,,0.0522,,0.031261802,,0.0149,,0.0423,,,,0.029740401,,0.01,,0.0200106,,,,
447,0.864000012,0.004627706,0.932082266,0.012298701,,0.168582007,0.098012986,0.967683978,,0.0547,,0.032517798,,0.015,,0.042,,,,0.0308106,,0.01,,0.020041401,,,,
448,0.848000008,0.004402597,0.947268407,0.011017316,,0.178531006,0.120268399,0.985012982,,0.0582,,0.033941399,,0.0163,,0.0417,,,,0.031772401,,0.01,,0.0199364,,,,
449,0.832090906,0.004,0.960787888,0.009787879,,0.192684993,0.146411257,0.995999998,,0.0608,,0.035169501,,0.0175,,0.0415,,,,0.033024099,,0.01,,0.019816499,,,,
450,0.816030303,0.003597403,0.972627709,0.008878788,,0.203474998,0.176632036,0.999714286,,0.0637,,0.036481399,,0.0183,,0.0412,,,,0.034297001,,0.01,,0.019730899,,,,
451,0.79977056,0.003281385,0.982264076,0.008047619,,0.214545995,0.210588749,0.995679658,,0.0672,,0.038714401,,0.0186,,0.0406,,,,0.035588801,,0.01,,0.019557299,,,,
452,0.783506491,0.003138528,0.989658011,0.007341991,,0.230101004,0.248935069,0.98342858,,0.07,,0.040431,,0.0207,,0.0404,,,,0.037062101,,0.01,,0.019407799,,,,
453,0.767389611,0.002969697,0.994740264,0.006675325,,0.241732001,0.29145455,0.962679668,,0.0728,,0.0427198,,0.0218,,0.0403,,,,0.038570698,,0.01,,0.0193142,,,,
454,0.751528143,0.002909091,0.997835514,0.006203463,,0.253363013,0.33903463,0.933532475,,0.0767,,0.044645701,,0.0243,,0.0395,,0.0111,,0.040206701,,0.01,,0.0192126,,,,
455,0.735896102,0.003090909,0.999285735,0.005705628,,0.269338995,0.390800856,0.896575763,,0.0798,,0.047116,,0.0252,,0.0392,,0.0111,,0.042039499,,0.01,,0.0190893,,,,
456,0.720575756,0.003030303,0.999121224,0.005203463,,0.281109989,0.443883106,0.85262337,,0.083,,0.049767599,,0.0261,,0.039,,0.0111,,0.043915801,,0.01,,0.018852999,,,,
457,0.705805179,0.002861472,0.998060612,0.004675325,,0.292741001,0.499835487,0.803073584,,0.0874,,0.0523495,,0.0274,,0.0383,,0.0139,,0.0459066,,0.01,,0.0187479,,,,
458,0.691316003,0.002627706,0.996229437,0.004341991,,0.308016002,0.556874444,0.749138511,,0.0906,,0.054973301,,0.0291,,0.038,,0.0139,,0.047956198,,0.01,,0.0186303,,,,
459,0.67737661,0.002372294,0.993402594,0.004138528,,0.318805993,0.613852806,0.692268386,,0.0943,,0.057722598,,0.0307,,0.0378,,0.0139,,0.050087199,,0.01,,0.0184203,,,,
460,0.663943708,0.002138528,0.989489174,0.004,,0.32931599,0.669666663,0.633822507,,0.0995,,0.0603185,,0.0325,,0.0378,,0.0167,,0.052363101,,0.01,,0.0183484,,,,
461,0.651038958,0.001969697,0.984398268,0.003679654,,0.342909008,0.7235974,0.575164501,,0.1037,,0.063193403,,0.0341,,0.0381,,0.0167,,0.054614302,,0.01,,0.0182319,,,,
462,0.638463204,0.001909091,0.978190477,0.003597403,,0.352438003,0.774181817,0.517333331,,0.1083,,0.065510198,,0.0357,,0.0378,,0.0194,,0.056960899,,0.01,,0.017918,,,,
463,0.626129878,0.002,0.971125546,0.003510823,,0.361546993,0.820688307,0.46128572,,0.115,,0.068106003,,0.0374,,0.0375,,0.0194,,0.059418399,,0.01,,0.0178289,,,,
464,0.614155851,0.002090909,0.963467538,0.003510823,,0.373878986,0.86202597,0.407987017,,0.1205,,0.070646003,,0.0413,,0.0375,,0.025,,0.061874699,,0.01,,0.017739899,,,,
465,0.602571431,0.001939394,0.955346326,0.003597403,,0.382847995,0.899025971,0.358303034,,0.1261,,0.073214002,,0.0432,,0.0377,,0.0278,,0.064416997,,0.01,,0.017735301,,,,
466,0.59103031,0.001831169,0.946848494,0.003770563,,0.392096013,0.930233762,0.312601733,,0.1347,,0.075823799,,0.0468,,0.0378,,0.0278,,0.0669581,,0.01,,0.0176691,,,,
467,0.579380963,0.001766234,0.937445895,0.004030303,,0.404848993,0.957233766,0.271108231,,0.1416,,0.078642897,,0.0488,,0.0381,,0.0278,,0.069604099,,0.02,,0.017580001,,,,
468,0.567380954,0.001744589,0.926961045,0.004090909,,0.414797992,0.976445894,0.233969704,,0.1491,,0.081238702,,0.0506,,0.0384,,0.0306,,0.072210103,,0.02,,0.0176086,,,,
469,0.555030301,0.001766234,0.915432907,0.004,,0.425588995,0.989974032,0.201121217,,0.1604,,0.084043898,,0.0543,,0.0389,,0.0306,,0.074872598,,0.02,,0.017635999,,,,
470,0.542571428,0.001831169,0.903073591,0.004,,0.441563994,0.995822517,0.172285718,,0.1692,,0.087114297,,0.0594,,0.0392,,0.0306,,0.077800304,,0.02,,0.0177125,,,,
471,0.530246757,0.001939394,0.890510827,0.004,,0.454596013,0.998398269,0.146926411,,0.1785,,0.090659201,,0.0615,,0.0402,,0.0389,,0.080798797,,0.02,,0.01787,,,,
472,0.518251085,0.002090909,0.878307364,0.004090909,,0.469029993,0.997095235,0.124770565,,0.1918,,0.094078399,,0.0669,,0.0406,,0.0389,,0.083889201,,0.02,,0.0179339,,,,
473,0.506536803,0.002,0.866571431,0.004030303,,0.49159199,0.990090905,0.105701299,,0.2022,,0.098055899,,0.07,,0.0416,,0.0417,,0.087323703,,0.02,,0.018078901,,,,
474,0.494861479,0.002,0.855060613,0.003861472,,0.510230005,0.979134199,0.089316018,,0.2129,,0.102242999,,0.0765,,0.0424,,0.0417,,0.0909338,,0.029999999,,0.018220499,,,,
475,0.482939402,0.002,0.843424252,0.003627706,,0.530969977,0.966450222,0.075389612,,0.2284,,0.107504003,,0.0813,,0.0435,,0.0417,,0.094795004,,0.029999999,,0.0184328,,,,
476,0.471060605,0.002,0.831160182,0.003372294,,0.562359989,0.949510835,0.063718617,,0.2398,,0.112905003,,0.0864,,0.0445,,0.0472,,0.098993301,,0.029999999,,0.0186269,,,,
477,0.459047612,0.002,0.818155854,0.003138528,,0.588145018,0.929558449,0.05396537,,0.2513,,0.118947998,,0.0914,,0.046,,0.0472,,0.103628002,,0.029999999,,0.018828999,,,,
478,0.447251073,0.002,0.804826851,0.002969697,,0.615471005,0.90697836,0.045835499,,0.2671,,0.125410005,,0.0983,,0.0474,,0.0556,,0.108815998,,0.029999999,,0.019173799,,,,
479,0.435645012,0.002,0.791497848,0.003,,0.655690014,0.8845065,0.038878788,,0.2787,,0.133365005,,0.103,,0.0489,,0.0611,,0.114372998,,0.039999999,,0.0196144,,,,
480,0.424251077,,0.778870138,0.003030303,0.00976434,0.686519027,0.860844164,0.033,,0.2898,,0.141641006,,0.1075,,0.0503,,0.0611,,0.120512001,,0.039999999,,0.020093899,,,,
481,0.412956707,,0.766783561,0.002861472,0.0106855,0.718330026,0.83448919,0.028212121,,0.3044,,0.150671005,,0.1149,,0.0522,,0.0694,,0.127251998,,0.039999999,,0.020675,,,,
482,0.401939392,,0.754974038,0.002627706,0.013449,0.763453007,0.807393956,0.024103896,,0.3149,,0.160482004,,0.1184,,0.0538,,0.0694,,0.133936003,,0.039999999,,0.0209821,,,,
483,0.391047621,,0.743225112,0.002372294,0.0167729,0.79638499,0.781160193,0.020683983,,0.3246,,0.171353996,,0.1253,,0.056,,0.0722,,0.141436994,,0.050000001,,0.0216968,,,,
484,0.380281387,,0.731186148,0.002138528,0.021695299,0.82861501,0.754727288,0.017714286,,0.3364,,0.182769999,,0.1322,,0.0575,,0.075,,0.149946004,,0.050000001,,0.0227859,,,,
485,0.369506492,,0.718796527,0.001969697,0.0268001,0.870095015,0.727900441,0.015177489,,0.3446,,0.194772005,,0.1367,,0.06,,0.075,,0.158740997,,0.050000001,,0.0236615,,,,
486,0.358878786,,0.706432892,0.001909091,0.033910301,0.898122013,0.701415595,0.013034632,,0.352,,0.207277,,0.1404,,0.062,,0.0833,,0.167988002,,0.059999999,,0.0246365,,,,
487,0.348329004,,0.694047605,0.002,0.041749801,0.923766971,0.67569265,0.011268398,,0.3612,,0.220256001,,0.1469,,0.0645,,0.0889,,0.177684993,,0.059999999,,0.025539501,,,,
488,0.33798701,,0.681878784,0.002,0.051047798,0.954035997,0.650770562,0.009926407,,0.3675,,0.233109996,,0.1508,,0.0665,,0.0972,,0.187742993,,0.059999999,,0.026590999,,,,
489,0.3278961,,0.669878789,0.002090909,0.063627496,0.971973002,0.626380951,0.008787879,,0.3737,,0.246437997,,0.1573,,0.0693,,0.1028,,0.198076993,,0.059999999,,0.027758799,,,,
490,0.3182987,,0.658138537,0.002030303,0.078667402,0.985987008,0.602160168,0.007878788,,0.3816,,0.259472996,,0.1614,,0.0716,,0.1111,,0.208554998,,0.07,,0.028915299,,,,
491,0.309017318,,0.646372305,0.001861472,0.095801003,0.997478008,0.580021644,0.007047619,,0.3876,,0.271712005,,0.1675,,0.0744,,0.1139,,0.219668999,,0.07,,0.030630101,,,,
492,0.299787883,,0.634627716,0.001682251,0.115698002,1,0.558783545,0.006251082,,0.3935,,0.283380002,,0.1741,,0.077,,0.1222,,0.230570003,,0.07,,0.032019399,,,,
493,0.290787882,,0.622861478,0.001444589,0.140017003,0.997196972,0.539199129,0.005645022,,0.4023,,0.293805003,,0.1799,,0.0795,,0.125,,0.241000995,,0.079999998,,0.033238702,,,,
494,0.282017321,,0.611030306,0.001148485,0.168204993,0.984025002,0.519987013,0.005341991,,0.4097,,0.303629994,,0.1862,,0.0824,,0.1305,,0.251545012,,0.079999998,,0.0349489,,,,
495,0.273389614,,0.599090908,0.000793939,0.200084001,0.967769027,0.502857137,0.005077922,,0.418,,0.311919987,,0.1949,,0.0851,,0.1389,,0.261804014,,0.079999998,,0.036731001,,,,
496,0.264926406,,0.586909091,,0.235452995,0.94590801,0.48634631,0.004831169,,0.4305,,0.318856001,,0.1999,,0.0875,,0.1417,,0.271519005,,0.090000004,,0.038638599,,,,
497,0.256757573,,0.574878789,,0.273586005,0.907091022,0.47074458,0.004536797,,0.441,,0.324396998,,0.2102,,0.0902,,0.1555,,0.280898005,,0.090000004,,0.040587399,,,,
498,0.248926404,,0.563017321,,0.319260001,0.873178005,0.455727268,0.004463204,,0.4531,,0.328359991,,0.219,,0.0929,,0.1639,,0.289570004,,0.090000004,,0.0425179,,,,
499,0.241298701,,0.551389615,,0.361883014,0.834921002,0.442160174,0.004168831,,0.4721,,0.330942005,,0.2264,,0.0956,,0.1694,,0.297690004,,0.1,,0.044523802,,,,
500,0.233987014,,0.540108231,,0.405445993,0.775785029,0.429017315,0.003831169,0.0051,0.488,,0.332812011,,0.2379,,0.0981,,0.1778,,0.305164009,,0.1,,0.046497598,,,,
501,0.226926406,,0.5289091,,0.455150992,0.729120016,0.417571429,0.003627706,0.0052,0.5057,,0.333718985,,0.2606,,0.101,,0.1833,,0.311957002,,0.11,,0.048529699,,,,
502,0.220160175,,0.517679659,,0.508347988,0.680633008,0.406432901,0.003402597,0.006,0.5324,,0.333732992,,0.2755,,0.1038,,0.1917,,0.318093002,,0.11,,0.050452299,,,,
503,0.213645023,,0.506688319,,0.558570981,0.611967027,0.396471859,0.003,0.007,0.5541,,0.333622009,,0.2861,,0.1071,,0.1972,,0.323644996,,0.12,,0.052351899,,,,
504,0.207251083,,0.495541133,,0.609350026,0.561940014,0.386636365,0.002597403,0.0084,0.5776,,0.333678007,,0.3035,,0.11,,0.2055,,0.328864008,,0.12,,0.054258499,,,,
505,0.20095671,,0.484372306,,0.660878003,0.513453007,0.376848484,0.002281385,0.0102,0.6128,,0.334347993,,0.3268,,0.1136,,0.2055,,0.333833009,,0.13,,0.0560885,,,,
506,0.194939393,,0.473225117,,0.716261983,0.449552,0.367441559,0.002229437,0.0123,0.6401,,0.335785002,,0.3457,,0.1171,,0.2139,,0.338530004,,0.14,,0.057789501,,,,
507,0.18895671,,0.462051952,,0.761668026,0.40554899,0.357999999,0.002,0.0146,0.6687,,0.338171005,,0.3586,,0.121,,0.2139,,0.343472004,,0.14,,0.059635598,,0.0105,,
508,0.183251083,,0.451047623,,0.804982007,0.364069998,0.348549781,0.001770563,0.0173,0.7095,,0.342148989,,0.3765,,0.1245,,0.225,,0.348681986,,0.15000001,,0.061408501,,0.0105,,
509,0.177645022,,0.439987015,,0.853420019,0.310817987,0.339705629,0.001627706,0.0211,0.7398,,0.347829014,,0.3957,,0.1297,,0.2361,,0.354409993,,0.16,,0.0630491,,0.0105,,
510,0.172160177,,0.4292684,,0.883358002,0.275364012,0.330939394,0.001281385,0.0253,0.7705,,0.355533004,,0.4222,,0.1342,,0.2361,,0.361003011,,0.17,,0.064732999,,0.0105,,
511,0.166926411,,0.419064935,,0.915407002,0.242432997,0.3222987,0.001108225,0.0311,0.8127,,0.365469992,,0.4403,,0.1396,,0.2472,,0.368692011,,0.18000001,,0.066605203,,0.0105,,
512,0.161987017,,0.40912987,,0.932295024,0.202074006,0.313709957,0.001199134,0.0377,0.8432,,0.378044009,,0.4579,,0.1449,,0.2528,,0.37766999,,0.19,,0.068441004,,0.0105,,
513,0.157298704,,0.399554116,,0.962366998,0.176148996,0.305424242,0.001311688,0.0446,0.8723,,0.392558992,,0.4747,,0.1516,,0.2611,,0.388024986,,0.2,,0.070243597,,0.014,,0.011577814
514,0.153108226,,0.390251089,,0.973017991,0.153026998,0.29722511,0.001489178,0.0538,0.9091,,0.410115004,0,0.4895,,0.1581,,0.2778,,0.400225013,,0.20999999,,0.072266601,,0.014,,0.011577814
515,0.148818184,,0.380956717,,0.983668983,0.125560999,0.289000002,0.001398268,0.0633,0.9332,,0.430379987,0.001,0.5039,,0.1656,,0.2889,,0.414305001,,0.22,,0.074426599,,0.014,,0.011567841
516,0.144740263,,0.371939398,,0.995182991,0.108323999,0.280683987,0.001372294,0.0743,0.9541,,0.45372799,0.002,0.5057,,0.1736,,0.2944,,0.430281997,,0.23999999,,0.076708697,,0.014,,0.011567841
517,0.140766235,,0.363047622,,0.994991004,0.0931895,0.272454554,0.001367965,0.088,0.9775,,0.479393989,0.003,0.5179,,0.1822,,0.3111,,0.448377013,,0.25,,0.079269402,,0.0175,,0.011557869
518,0.13674459,,0.354372299,,1,0.075532503,0.264489182,0.0014329,0.1023,0.9896,,0.508589983,0.004,0.5249,,0.1908,,0.3194,,0.468676001,,0.25999999,,0.082065299,,0.0175,,0.011547897
519,0.132675325,,0.345536801,,0.992879987,0.064321697,0.2559697,0.0015671,0.1188,0.9974,,0.539683998,0.005,0.5283,,0.2008,,0.3361,,0.491156995,,0.27000001,,0.085236698,,0.0175,,0.013482519
520,0.128800865,,0.336649355,,0.98121202,0.054932699,0.247740262,0.001722944,0.1374,1,,0.57366699,0.006,0.5279,,0.2107,,0.3472,,0.515837014,,0.28999999,,0.088756397,,0.0175,,0.013482519
521,0.124987011,,0.328017318,,0.975377977,0.044422701,0.23970563,0.001658009,0.1588,0.9958,,0.609605014,0.007,0.5343,,0.2214,,0.3528,,0.542557001,,0.30000001,,0.092669897,,0.0176,,0.013472546
522,0.121432898,,0.31952814,,0.954209983,0.0379765,0.231575761,0.001463204,0.1839,0.987,,0.64784497,0.008,0.5291,,0.2323,,0.3778,,0.571273983,,0.31,,0.097259298,,0.021,,0.013472546
523,0.117675324,,0.311359309,,0.935249984,0.0323711,0.223623379,0.001138528,0.2115,0.9669,,0.687870979,0.009,0.5296,,0.2432,,0.4,,0.601804972,,0.31999999,,0.102201,,0.021,,0.013462574
524,0.114112555,,0.303554109,,0.923888981,0.026064999,0.215424246,0.000969697,0.2393,0.9469,,0.728316009,0.01,0.5248,,0.2545,,0.4139,,0.63390398,,0.33000001,,0.107681997,,0.0245,,0.013452602
525,0.110675325,,0.296021639,,0.904946983,0.0221413,0.207506497,0.000909091,0.2703,0.9225,,0.770142019,0.011,0.521,,0.2661,,0.4278,,0.667397976,,0.34,,0.113748997,,0.0246,,0.01734179
526,0.107341991,,0.288675318,,0.891802013,0.018778,0.19973593,0.001,0.3034,0.8824,,0.811271012,0.012,0.5182,,0.2773,,0.4528,,0.701974988,,0.34,,0.120362997,,0.0246,,0.017331818
527,0.104047618,,0.281432894,,0.864147007,0.0151345,0.191935064,0.001,0.34,0.8493,,0.851534009,0.013,0.5145,,0.2887,,0.4667,,0.737200022,,0.34999999,,0.127614006,,0.0246,,0.017321846
528,0.100969696,,0.274077914,,0.840139985,0.0127522,0.184411255,0.001,0.378,0.8134,,0.888058007,0.014,0.5135,,0.2997,,0.4861,,0.772527993,,0.36000001,,0.135378003,,0.0281,,0.017321846
529,0.09790909,,0.266831159,,0.81726402,0.0107904,0.177051948,0.001,0.417,0.7598,,0.922556996,0.015,0.5131,,0.3103,,0.5028,,0.807437003,,0.36000001,,0.143564999,,0.0281,,0.017311873
530,0.094909091,,0.259445882,,0.792219996,0.00854821,0.169943725,0.001,0.4596,0.7181,0.0284766,0.951502025,0.0174,0.5161,,0.3201,,0.5222,,0.84139502,,0.37,,0.152327001,,0.0281,,0.021191088
531,0.091969697,,0.25225108,,0.771628022,0.00742713,0.163281389,0.001,0.5042,0.6754,0.039262999,0.975242019,0.0188,0.5258,,0.3301,,0.5444,,0.87391597,,0.37,,0.161356002,,0.0298,,0.021191088
532,0.089047619,,0.245155843,,0.745931029,0.00616592,0.156601736,0.001,0.5468,0.6153,0.051632699,0.991388977,0.0204,0.5251,,0.3394,,0.5556,,0.904116988,,0.38,,0.170888007,,0.0298,,0.021181116
533,0.086341993,,0.238359308,,0.725013018,0.00476457,0.150593078,0.001,0.5917,0.5717,0.062737197,1,0.0223,0.5333,,0.348,,0.5722,,0.931427002,,0.38,,0.180717006,,0.0333,,0.025060331
534,0.083675326,,0.231926408,,0.69887501,0.0040639,0.144813857,0.001,0.6362,0.5282,0.073530301,0.999484003,0.0246,0.5467,,0.3555,,0.5917,,0.955107987,,0.38,,0.190614,,0.0333,,0.02505036
535,0.081203464,,0.225787879,,0.674196005,0.00336323,0.139112558,0.001,0.6788,0.4702,0.084802598,0.989965022,0.0272,0.5547,,0.3629,,0.5917,,0.974340975,,0.38999999,,0.200630993,,0.0368,,0.02505036
536,0.078705629,,0.219878786,,0.659475982,0.00238229,0.133536799,0.001,0.724,0.4292,0.096686602,0.971347988,0.0303,0.5687,,0.3687,,0.6083,,0.988547981,,0.38999999,,0.210544005,,0.0368,,0.025040388
537,0.076203464,,0.214047616,,0.638154984,0.00182175,0.127818183,0.001,0.7651,0.3893,0.112643003,0.944022,0.034,0.5808,,0.3743,,0.6139,,0.997269988,,0.38999999,,0.220272005,,0.0368,,0.025040388
538,0.073675326,,0.20825108,,0.620307982,0.00140135,0.122220782,0.001,0.8042,0.3381,0.131233007,0.907204986,0.0385,0.6004,,0.3786,,0.6194,,1,,0.40000001,,0.229663,,0.0438,,0.028919604
539,0.071341992,,0.20264502,,0.599216998,0.000841,0.116831171,0.001,0.8399,0.3037,0.154046997,0.864136994,0.0439,0.6184,,0.3826,,0.6222,,0.996554017,,0.40000001,,0.238619998,,0.0438,,0.028909631
540,0.069047619,,0.197251082,,0.583979011,0.000701,0.111935066,0.001,0.8741,0.2717,0.179054007,0.813337028,0.0503,0.6378,,0.3861,,0.6222,,0.986442983,,0.41,,0.246883005,,0.0473,,0.028899658
541,0.066969697,,0.192047619,,0.567436993,0.000561,0.107398267,0.001,0.9036,0.2314,0.207298994,0.758181989,0.058,0.6774,,0.3886,,0.6222,0.390769988,0.96993202,,0.41999999,,0.254397988,,0.0473,,0.028899658
542,0.064909091,,0.18687879,,0.551891983,0.000280269,0.103376623,0.001,0.9275,0.205,0.243300006,0.698490977,0.0673,0.7055,,0.391,,0.6194,0.44057399,0.947176993,,0.43000001,,0.261200011,,0.0508,,0.030834282
543,0.063,,0.181787884,,0.535196006,0.000280269,0.099229437,0.001,0.9475,0.1811,0.283080995,0.63804698,0.0784,0.7314,,0.393,,0.6194,0.491239011,0.918491006,,0.44,,0.267024994,,0.0543,,0.034713496
544,0.061000001,,0.17710823,,0.523757994,1.00E-05,0.095467532,0.001,0.9655,0.1519,0.327037007,0.576291025,0.0917,0.7694,,0.3948,,0.6139,0.544306993,0.88431102,,0.44999999,,0.271863997,,0.0543,,0.034713496
545,0.058909091,,0.172419916,,0.507772028,1.00E-05,0.09142857,0.001,0.9813,0.1333,0.377739012,0.515694022,0.1074,0.8049,,0.3968,,0.6056,0.597947001,0.845528007,,0.46000001,,0.275835991,,0.0578,,0.034703523
546,0.056969697,,0.167969696,,0.497889012,1.00E-05,0.087978354,0.001,0.9924,0.1168,0.431023002,0.458110988,0.1258,0.8391,,0.399,,0.6,0.650152981,0.802680016,,0.47999999,,0.278827012,,0.0578,,0.03469355
547,0.055047619,,0.163536796,,0.481788009,1.00E-05,0.084428572,0.001,0.9957,0.0965,0.491210997,0.403416008,0.1472,0.8737,,0.4016,,0.5944,0.700268984,0.756760001,,0.5,,0.280891001,,0.0613,,0.042461958
548,0.053341992,,0.159142857,,0.471060008,1.00E-05,0.081376625,0.001,1,0.0839,0.55380702,0.352295011,0.1721,0.8976,,0.4052,0.0111,0.5861,0.748176992,0.708567023,,0.51999998,,0.282101005,,0.0613,,0.042461958
549,0.051766234,,0.154766233,,0.458355993,1.00E-05,0.078380954,0.001,0.9946,0.0726,0.612133026,0.304773986,0.2007,0.9307,,0.4097,0.0111,0.5833,0.793864012,0.659126997,,0.54000002,,0.282709986,,0.0683,,0.04245198
550,0.050142857,,0.150341992,,0.449968994,1.00E-05,0.07557576,0.001,0.9907,0.0594,0.681037009,0.26343599,0.2336,0.9647,,0.4153,0.0111,0.5833,0.836902976,0.609147012,,0.565,,0.282712996,,0.0683,,0.044386607
551,0.048536796,,0.146047621,,0.438742995,,0.072675326,0.001,0.9825,0.0513,0.740442991,0.225907996,0.2713,0.9789,,0.4226,0.0111,0.5833,0.875847995,0.559356987,,0.57999998,,0.282227993,,0.0718,,0.044386607
552,0.046969697,,0.14187879,,0.428667009,,0.069878788,0.001,0.9721,0.0445,0.797972977,0.193055004,0.314,0.9968,,0.4313,0.0139,0.5833,0.909187973,0.510567009,0.07,0.61000001,,0.281547993,,0.0753,,0.044376634
553,0.045510823,,0.137787879,,0.416213006,,0.067160173,0.001,0.9579,0.036,0.853507996,0.163496003,0.3608,0.9989,,0.4416,0.0139,0.5861,0.936222017,0.463551015,0.079999998,0.63999999,,0.280824006,,0.0753,,0.04825585
554,0.044138528,,0.134108224,,0.407864988,,0.064965367,0.001,0.942,0.0309,0.897174001,0.138264,0.4117,1,,0.4541,0.0139,0.5917,0.957253993,0.418464005,0.090000004,0.66000003,,0.280238003,,0.0788,,0.052135065
555,0.04274026,,0.130419913,,0.396003991,,0.062562771,0.001,0.9232,0.0264,0.934629023,0.116143003,0.466,0.9913,,0.4685,0.0167,0.5944,0.973092973,0.375925004,0.1,0.69,,0.280019999,,0.0788,,0.052135065
556,0.041536797,,0.126878788,,0.387809992,,0.060506494,0.001,0.907,0.0215,0.964025974,0.097260401,0.5229,0.9852,,0.4842,0.0194,0.6056,0.984477997,0.336113006,0.11,0.72000003,,0.280373007,,0.0823,,0.05601428
557,0.040372294,,0.123597403,,0.378962994,,0.058597403,0.001,0.8873,0.0186,0.98356998,0.0816295,0.5819,0.9538,,0.5021,0.025,0.6111,0.992129982,0.299125999,0.12,0.75,,0.281323999,,0.0823,,0.05600431
558,0.039229437,,0.120311688,,0.365970999,,0.056593074,0.001,0.8658,0.016,0.997340977,0.0682735,0.6415,0.932,,0.5219,0.0278,0.6278,0.996061981,0.265206009,0.14,0.77999997,,0.283262014,,0.0893,,0.059883524
559,0.037999999,,0.117,,0.35750699,,0.05482684,0.001,0.8444,0.013,1,0.056801502,0.7012,0.8952,,0.5442,0.0306,0.6417,0.995588005,0.234180003,0.15000001,0.81,,0.286258996,,0.0928,,0.061828118
560,0.036770562,,0.113597403,,0.347681999,,0.052878788,0.001,0.8209,0.0111,0.992524028,0.047171801,0.7583,0.8451,,0.5677,0.0306,0.65,0.990975976,0.206064999,0.17,0.83999997,,0.290506989,,0.0963,,0.061818145
561,0.035627706,,0.110190476,,0.338719994,,0.051190476,0.001,0.8011,0.0093,0.985332012,0.039105099,0.812,0.7777,,0.5931,0.0417,0.6833,0.982466996,0.180853993,0.18000001,0.87,,0.296083003,,0.0997,,0.06958655
562,0.034372295,,0.107017316,,0.32881701,,0.049917748,0.001,0.777,0.0076,0.967133999,0.032615501,0.8609,0.7271,,0.6202,0.0444,0.7028,0.969792008,0.158182994,0.2,0.89999998,,0.303119004,,0.0997,,0.06958655
563,0.03304762,,0.103987013,,0.319835991,,0.048311688,0.001,0.7542,0.0065,0.946132004,0.0271866,0.9036,0.6801,,0.6492,0.0556,0.725,0.953436017,0.138031006,0.22,0.92000002,,0.311827987,,0.1032,,0.073455796
564,0.031939394,,0.101389611,,0.308878005,,0.046770562,0.001,0.7319,0.0055,0.921908021,0.022483399,0.9384,0.6153,,0.6785,0.0694,0.7583,0.934275985,0.120104998,0.23999999,0.94,,0.32219699,,0.1033,,0.073455796
565,0.031047619,,0.099138528,,0.300817996,,0.045225108,,0.7126,0.0044,0.897314012,0.018924501,0.9664,0.5457,0.0351,0.7093,0.0694,0.7583,0.912859023,0.104272,0.27000001,0.95999998,,0.334468991,,0.1102,,0.07733501
566,0.030372294,,0.096770563,,0.290262997,,0.043744589,,0.6934,0.0035,0.864646018,0.016007699,0.9862,0.4863,0.0364,0.7405,0.0889,0.7944,0.889603019,0.090273798,0.28999999,0.98000002,0.00509,0.348850012,,0.1137,,0.08315882
567,0.029627705,,0.094489178,,0.282182992,,0.042307359,,0.6723,0.0028,0.837006986,0.0133142,0.9969,0.4502,0.0414,0.7714,0.1111,0.8278,0.865472019,0.077924103,0.31999999,0.99000001,0.00634556,0.365108013,,0.1172,,0.08315882
568,0.028861471,,0.092030303,,0.272511005,,0.040800866,,0.6538,0.0023,0.80469799,0.0111914,1,0.3955,0.0499,0.8026,0.1305,0.8556,0.841320992,0.067235097,0.34999999,0.99000001,0.00769,0.383352011,,0.1242,,0.083148845
569,0.027939394,,0.089372294,,0.264450997,,0.039445887,,0.6333,0.0019,0.772859991,0.00965766,0.9955,0.3482,0.0593,0.8328,0.1639,0.8861,0.816751003,0.0580182,0.38,1,0.00928333,0.403849006,,0.1277,,0.08703803
570,0.027060607,,0.086826839,,0.253722996,,0.038463203,,0.6143,0.0014,0.741994023,0.00813644,0.9833,0.3021,0.0692,0.863,0.1833,0.9056,0.791611016,0.049813699,0.41999999,0.99000001,0.0112,0.426339,,0.1312,,0.09285187
571,0.026138529,,0.084281385,,0.245394006,,0.03716883,,0.5985,0.0011,0.709914982,0.00701994,0.964,0.2631,0.0827,0.8902,0.2083,0.925,0.766265988,0.042766701,0.44999999,0.98000002,0.0135567,0.450998008,,0.1347,,0.09285187
572,0.025281386,,0.081818181,,0.236797005,,0.035831168,,0.5804,0.0009,0.677227974,0.00612675,0.9395,0.2259,0.0966,0.9159,0.2528,0.9528,0.740531981,0.036787499,0.49000001,0.97000003,0.016465601,0.477872014,,0.1417,,0.0928419
573,0.024597403,,0.079658008,,0.227469996,,0.034536796,,0.5649,0.0005,0.651861012,0.00510795,0.9107,0.1952,0.1113,0.9392,0.2833,0.9694,0.714595973,0.031496599,0.52999997,0.94999999,0.020036699,0.506846011,,0.1451,,0.09673109
574,0.024,,0.077359308,,0.220579997,,0.033372294,,0.5496,0.0005,0.621882975,0.00449388,0.8777,0.1693,0.1296,0.9598,0.3389,0.9861,0.688659012,0.026918801,0.565,0.92000002,0.0243933,0.537501991,,0.1521,,0.09672111
575,0.023311688,,0.075341992,,0.211177006,,0.032138528,,0.5351,0.0004,0.599730015,0.00399146,0.8421,0.1493,0.1488,0.9765,0.3917,0.9944,0.662501991,0.0233228,0.60000002,0.88999999,0.029658901,0.570030987,,0.1591,,0.10060033
576,0.022688312,,0.073363638,,0.205323994,,0.030969697,,0.521,0,0.57307601,0.00367047,0.8047,0.132,0.1702,0.989,0.4306,1,0.636906028,0.0201841,0.64999998,0.86000001,0.0359511,0.604368985,,0.1696,,0.10448952
577,0.021909091,,0.071515153,,0.197090998,,0.029909091,,0.5082,0,0.548289001,0.00300057,0.7657,0.1172,0.1971,0.997,0.5028,1,0.612955987,0.017333001,0.69,0.81999999,0.0434522,0.640285015,,0.1766,,0.11030336
578,0.021372294,,0.069796539,,0.189605996,,0.029,,0.4949,0,0.528533995,0.00276332,0.7261,0.1002,0.2221,1,0.5778,1,0.590840995,0.014806,0.72000003,0.77999997,0.052418899,0.67673701,,0.18,,0.11030336
579,0.020857143,,0.06792208,,0.182265997,,0.028,,0.4816,0,0.508686006,0.00272145,0.6869,0.0878,0.2531,0.9971,0.6222,1,0.570317984,0.0130486,0.75999999,0.74000001,0.063023299,0.714145005,,0.1975,,0.11806179
580,0.020142857,,0.065848486,,0.175477996,,0.027000001,,0.4706,0,0.489073008,0.00249815,0.6477,0.0717,0.2868,0.9896,0.6667,0.9833,0.550924003,0.0115294,0.80000001,0.69999999,0.075333297,0.751918018,,0.2045,,0.11806179
581,0.019627705,,0.064060607,,0.169218004,,0.026000001,,0.4604,0,0.475616992,0.00210738,0.61,0.062,0.3234,0.9763,0.7361,0.9667,0.531978011,0.00990051,0.82999998,0.64999998,0.089466698,0.789053977,,0.2149,,0.11806179
582,0.018999999,,0.062047619,,0.161617994,,0.024909091,,0.4487,0,0.457112014,0.00209342,0.5738,0.0498,0.3631,0.958,0.8333,0.9444,0.513189018,0.00878435,0.87,0.60000002,0.105682001,0.825316012,,0.2219,,0.121941
583,0.018372294,,0.060341991,,0.155537993,,0.023969697,,0.4366,0,0.447921008,0.00199573,0.5392,0.0428,0.4011,0.9344,0.8528,0.8917,0.494688004,0.00789684,0.89999998,0.565,0.124264002,0.860239983,,0.2289,,0.12193103
584,0.017766233,,0.058766234,,0.148952007,,0.023138528,,0.4265,0,0.43293801,0.00207947,0.5072,0.0356,0.4422,0.9069,0.8861,0.8333,0.476442009,0.00684785,0.92000002,0.50999999,0.145434007,0.892669022,,0.2359,,0.12775484
585,0.017203463,,0.057142857,,0.144209996,,0.022372294,,0.4161,0,0.423294008,0.00195386,0.4774,0.0311,0.487,0.8741,0.9167,0.7944,0.45846799,0.006189,0.94,0.47,0.169418007,0.922026992,,0.2464,,0.12775484
586,0.016705628,,0.055627707,,0.138850003,,0.021536797,,0.4048,0,0.41316101,0.00185617,0.4495,0.0266,0.5293,0.8392,0.9556,0.7389,0.441496015,0.0057258,0.95999998,0.43000001,0.196395993,0.947457016,,0.2533,,0.13551328
587,0.016294373,,0.054000001,,0.132980004,,0.020831169,,0.3925,0,0.40367201,0.00168869,0.4237,0.0242,0.5698,0.8005,0.9778,0.6694,0.426207989,0.00538989,0.98000002,0.38999999,0.226260006,0.968777001,,0.2603,,0.13551328
588,0.015705629,,0.052281386,,0.127875,,0.020168831,,0.3843,0,0.397846997,0.00173056,0.3995,0.0202,0.6111,0.7593,0.9944,0.6278,0.412708998,0.00478643,0.99000001,0.34999999,0.258870006,0.984938025,,0.2708,,0.1393925
589,0.015294373,,0.050735931,,0.124465004,,0.019463203,,0.3757,0,0.393752992,0.00166078,0.3767,0.0155,0.6597,0.7173,1,0.5639,0.401042998,0.00412875,0.99000001,0.31999999,0.294319987,0.995298982,,0.2778,,0.1452163
590,0.014705628,,0.049341991,,0.118807003,,0.018536796,,0.3636,0,0.386510998,0.00177243,0.3558,0.0143,0.7024,0.6744,1,0.525,0.391005993,0.00392367,1,0.28,0.332632005,1,,0.2882,,0.1452163
591,0.014203463,,0.048077921,,0.114435002,,0.017831169,,0.3554,0,0.382247001,0.00167474,0.3367,0.0119,0.7409,0.6302,1,0.4861,0.382072985,0.00363019,0.99000001,0.25,0.373614013,0.998346984,,0.2952,,0.15297472
592,0.013675325,,0.046831168,,0.110835001,,0.017077922,,0.345,0,0.375285,0.0013677,0.3193,0.0104,0.7808,0.5859,1,0.4278,0.373941004,0.00342864,0.99000001,0.22,0.416933,0.99029398,,0.3022,,0.15686391
593,0.0134329,,0.045536796,,0.105691999,,0.016341992,,0.3343,0,0.372817993,0.00150726,0.3035,0.0101,0.8166,0.5432,0.9944,0.3806,0.366452008,0.00328603,0.98000002,0.2,0.46221,0.975903988,,0.3057,,0.16268773
594,0.013077922,,0.044463203,,0.101834998,,0.015735931,,0.3254,0,0.368786991,0.00154913,0.289,0.0084,0.8497,0.5005,0.9806,0.325,0.359201014,0.00298194,0.97000003,0.18000001,0.508903027,0.955088019,,0.3127,,0.16656694
595,0.012922078,,0.043168831,,0.098708503,,0.015372295,,0.3161,0,0.364863992,0.00152122,0.276,0.0071,0.8889,0.4597,0.9639,0.2639,0.35175699,0.00270143,0.95999998,0.15000001,0.556360006,0.928546011,,0.3196,,0.17045613
596,0.0125671,,0.041831169,,0.094563201,,0.015030303,,0.3071,0,0.360794008,0.00143748,0.2643,0.0065,0.9177,0.4204,0.9556,0.2639,0.344197005,0.00244095,0.94,0.14,0.604098976,0.897041023,,0.3231,,0.18404835
597,0.012233766,,0.040536797,,0.091195203,,0.014489177,,0.2976,0,0.357288986,0.00156309,0.254,0.0066,0.936,0.3835,0.9306,0.2222,0.337083012,0.00226533,0.92000002,0.12,0.65171802,0.861075997,,0.3301,,0.18793753
598,0.011857143,,0.039372294,,0.087827198,,0.013770563,,0.2905,0,0.352562994,0.00142353,0.2445,0.0059,0.9598,0.3483,0.9,0.1805,0.330758989,0.00224647,0.89999998,0.1,0.698616028,0.821260989,,0.3301,,0.19764055
599,0.011372294,,0.038138528,,0.084718302,,0.013229437,,0.2793,0,0.348717988,0.001591,0.2362,0.0046,0.9739,0.3153,0.8778,0.1583,0.324878007,0.00210504,0.87,0.090000004,0.744053006,0.777944028,,0.3336,,0.20152976
600,0.010909091,,0.036969697,,0.081868403,,0.012510823,,0.2715,0,0.341410995,0.00170265,0.2286,0.0038,0.9844,0.2845,0.8444,0.125,0.318783998,0.00201193,0.85000002,0.079999998,0.787074029,0.732620001,,0.3371,,0.21124275
601,0.010597403,,0.03590909,,0.079277702,,0.011878788,,0.2619,,0.336816996,,0.2217,0.0032,0.9922,0.2564,0.825,0.1111,0.312177986,0.0019141,0.81999999,0.07,0.826861978,0.685756028,,0.3371,,0.21901114
602,0.010372294,,0.034909091,,0.075391501,,0.011506494,,0.254,,0.331840008,,0.2156,0.0031,0.9986,0.2307,0.7944,0.0944,0.305101991,0.00179152,0.79000002,0.059999999,0.862882018,0.638221979,,0.3371,,0.22872415
603,0.010168831,,0.033969698,,0.073578,,0.011372294,,0.2471,,0.325129002,,0.2102,0.0028,0.994,0.2064,0.7639,0.075,0.297681987,0.00174791,0.75999999,0.050000001,0.894779027,0.590946972,,0.3371,,0.23260336
604,0.009831169,,0.033138529,,0.070991002,,0.01125974,,0.2384,,0.317667007,,0.2053,0.0025,1,0.185,0.7472,0.0667,0.290196002,0.00179624,0.74000001,0.039999999,0.92246002,0.544521987,,0.3371,,0.24037176
605,0.009627705,,0.032372296,,0.068641998,,0.010861472,,0.2292,,0.310786992,,0.2006,0.002,0.9917,0.165,0.7111,0.0528,0.282887995,0.00184574,0.70999998,0.039999999,0.945997,0.498930991,,0.3371,,0.25008476
606,0.009402597,,0.031627706,,0.065771103,,0.010398268,,0.2202,,0.303550988,,0.1961,0.0016,0.9862,0.1469,0.6944,0.0472,0.275509,0.00176206,0.68000001,0.029999999,0.965220988,0.45489499,,0.3337,,0.25979775
607,0.009,,0.030861472,,0.063422099,,0.010090909,,0.2119,,0.296086997,,0.1916,0.0014,0.9742,0.1305,0.6694,0.0417,0.268076003,0.00171845,0.64999998,0.029999999,0.979911029,0.412965,,0.3372,,0.27339995
608,0.008597402,,0.030030303,,0.0613342,,0.009541125,,0.2057,,0.287458986,,0.1871,0.0009,0.9595,0.1163,0.6417,0.0333,0.261029989,0.00171255,0.62,0.02,0.990051985,0.373448998,,0.3372,,0.28116834
609,0.008281385,,0.029,,0.058463201,,0.008969697,,0.1978,,0.277637988,,0.1827,0.0004,0.9411,0.1029,0.6111,0.025,0.254325986,0.00168073,0.60000002,0.02,0.996057987,0.336227,,0.3407,,0.29477054
610,0.008229438,,0.027969697,,0.056636199,,0.008506493,,0.1902,,0.269694,,0.1784,0.0002,0.9213,0.0916,0.6,0.025,0.247663006,0.00159823,0.56999999,0.02,0.998467982,0.301703006,,0.3407,,0.29864976
611,0.008,,0.027138529,,0.0552123,,0.008372294,,0.1842,,0.261386007,,0.1738,0.0001,0.9123,0.0812,0.5861,0.0194,0.241090998,0.00150393,0.55500001,0.02,0.997641981,0.269769013,,0.3442,,0.30641815
612,0.007770563,,0.026281386,,0.053371798,,0.008168831,,0.1779,,0.251760989,,0.169,0.0001,0.8882,0.0722,0.5639,0.0194,0.234814003,0.00110438,0.51999998,0.01,0.993852973,0.240483999,,0.3476,,0.32196495
613,0.007627706,,0.025597403,,0.051268499,,0.007831169,,0.1717,,0.244656995,,0.164,0.0001,0.866,0.0641,0.55,0.0167,0.228802994,0.000614067,0.5,0.01,0.987129986,0.213531002,,0.3511,,0.32584414
614,0.007463204,,0.024909091,,0.049690999,,0.007536797,,0.1655,,0.234533995,,0.1589,0.0001,0.8409,0.0569,0.525,0.0139,0.222874001,0.000268728,0.47999999,0.01,0.977208972,0.189164996,,0.3581,,0.33944634
615,0.007168831,,0.024372295,,0.047935098,,0.007372295,,0.1599,,0.227636993,,0.1535,0.0001,0.8256,0.0508,0.5167,0.0139,0.217025995,0.000694214,0.46000001,0.01,0.964136004,0.167284995,,0.3721,,0.34332556
616,0.006831169,,0.023766234,,0.0460812,,0.007229437,,0.1538,,0.218263,,0.1482,0.0001,0.7976,0.0452,0.5083,0.0111,0.210880995,0.00128942,0.44,0.01,0.948439002,0.147430003,,0.3791,,0.35498315
617,0.006536797,,0.023203463,,0.045081399,,0.007,,0.1495,,0.210569993,,0.1426,0.0001,0.7793,0.0404,0.4944,0.0111,0.204004005,0.00151101,0.41999999,0.01,0.930593014,0.129767999,,0.393,,0.36080697
618,0.006372295,,0.022705628,,0.043214101,,0.006770563,,0.1435,,0.201581001,,0.1369,0.0001,0.7554,0.0359,0.4861,0.0111,0.196833998,0.00144618,0.40000001,0.01,0.910942018,0.113945,,0.4035,,0.36469615
619,0.006138528,,0.022294372,,0.040813301,,0.006627706,,0.1394,,0.193452999,,0.131,0.0001,0.7281,0.0322,0.4722,0.0111,0.189935997,0.00128825,0.38,0.01,0.889998972,0.099799402,,0.4209,,0.37440914
620,0.006060606,,0.021705628,,0.039494898,,0.006372295,,0.1348,,0.185762003,,0.1251,0,0.704,0.0292,0.4611,0.0056,0.183287993,0.00136721,0.37,0.01,0.868090987,0.087315597,,0.4349,,0.37439916
621,0.005939394,,0.021294372,,0.038688902,,0.006229437,,0.1291,,0.179664999,,0.1193,0.0001,0.6755,0.0261,0.4611,0.0056,0.176829994,0.00185517,0.34999999,0.01,0.845242977,0.076440401,,0.4506,,0.37828836
622,0.005861472,,0.020705628,,0.0368005,,0.006,,0.1243,,0.170484006,,0.1136,0.0001,0.656,0.0237,0.4556,0.0056,0.170580998,0.00235962,0.34,0.01,0.821330011,0.067132697,0,0.4715,,0.38216758
623,0.005627706,,0.020294372,,0.035447501,,0.005770563,,0.12,,0.164152995,,0.1079,0,0.6279,0.0216,0.4417,0.0111,0.164313003,0.00268492,0.33000001,0.01,0.796522975,0.058934599,0.0099,0.489,,0.3821576
624,0.005372294,,0.019705627,,0.034881402,,0.005627706,,0.1165,,0.157271996,,0.1024,0.0001,0.6093,0.0194,0.4417,0.0111,0.157781005,0.00234076,0.31,0.01,0.770958006,0.051613301,0.0195,0.5134,,0.38214764
625,0.005138528,,0.019294371,,0.033518799,,0.005372294,,0.1123,,0.151305005,,0.0969,0,0.5871,0.0178,0.4333,0.0111,0.151158005,0.00172316,0.30000001,0.01,0.744720995,0.045244101,0.0295,0.5378,,0.38214764
626,0.004969697,,0.018705627,,0.032108299,,0.005138528,,0.1087,,0.144510999,,0.0915,0,0.5676,0.0165,0.4333,0.0111,0.144618005,0.00142261,0.28999999,0.01,0.718252003,0.039528001,0.0321,0.5692,,0.38602686
627,0.004909091,,0.018294372,,0.030951099,,0.004969697,,0.1047,,0.139286995,,0.0863,0.0001,0.5496,0.0148,0.4333,0.0111,0.138446003,0.00150747,0.28,0.01,0.691901028,0.034554999,0.0385,0.5901,,0.38601688
628,0.005090909,,0.017705627,,0.0298457,,0.005,,0.1006,,0.132548004,,0.0814,0,0.5258,0.0137,0.4333,0.0111,0.133209005,0.00171609,0.27000001,0.01,0.665597022,0.030212199,0.0412,0.625,,0.38601688
629,0.005030303,,0.017294373,,0.0294964,,0.005030303,,0.0977,,0.127400994,,0.0767,0,0.5083,0.0127,0.4333,0.0111,0.128884003,0.00178091,0.27000001,0.01,0.639548004,0.0265282,0.0512,0.6459,,0.3879515
630,0.004861472,,0.016705628,,0.0271782,,0.004861472,,0.0942,,0.122327,,0.0722,0,0.491,0.0118,0.4389,0.0111,0.12489,0.0016053,0.25999999,0.01,0.61421901,0.0230747,0.0607,0.6668,,0.3879415
631,0.004627706,,0.016294373,,0.027364301,,0.004627706,,0.0908,,0.117308997,,0.0679,0,0.4735,0.0108,0.4389,0.0111,0.12071,0.00146268,0.25,0.01,0.589900017,0.019766301,0.0665,0.7017,,0.3879415
632,0.004372294,,0.015705629,,0.0261303,,0.004372294,,0.0887,,0.11191,,0.0637,0,0.4572,0.0105,0.4417,0.0111,0.115943,0.00134246,0.23999999,0.01,0.566793025,0.016859701,0.0729,0.7192,,0.38598695
633,0.004138528,,0.015203464,,0.024710201,,0.004138528,,0.0852,,0.108149,,0.0597,0,0.4377,0.0096,0.4417,0.0111,0.110593997,0.00128942,0.23999999,0.01,0.545105994,0.0143709,0.0806,0.7541,,0.38597697
634,0.003969697,,0.014766234,,0.0237334,,0.003969697,,0.0827,,0.103119999,,0.056,0,0.423,0.0092,0.4444,0.0111,0.105291001,0.00132125,0.23,0.01,0.52483201,0.0122749,0.0894,0.7855,,0.3820878
635,0.003909091,,0.014372294,,0.0230291,,0.003909091,,0.0803,,0.099760301,,0.0524,0,0.4091,0.0088,0.4444,,0.100598,0.00137429,0.23,0.01,0.505459011,0.0105556,0.0996,0.8203,,0.3820778
636,0.004,,0.014,,0.022603,,0.004090909,,0.0777,,0.095711797,,0.0491,0,0.3965,0.0081,0.4472,,0.096529998,0.00126349,0.22,0.01,0.486681998,0.00907143,0.1116,0.8448,,0.3820778
637,0.004090909,,0.013627706,,0.022169299,,0.004030303,,0.0753,,0.092364699,,0.046,0,0.3852,0.0079,0.4472,,0.093012199,0.0010867,0.22,,0.468551993,0.00773572,0.1253,0.8779,,0.38789165
638,0.004030303,,0.013142857,,0.0211407,,0.003861472,,0.072,,0.089048997,,0.0431,0,0.3754,0.0074,0.4472,,0.089956701,0.000855687,0.20999999,,0.451119989,0.00653586,0.14,0.8988,0.010772244,0.38789165
639,0.003861472,,0.012766234,,0.020392301,,0.003627706,,0.0708,,0.085847601,,0.0404,0,0.3637,0.0071,0.4417,,0.0870189,0.000773183,0.20999999,,0.434450001,0.00548213,0.1561,0.9197,0.010772244,0.39566007
640,0.003627706,,0.0124329,,0.019037399,,0.003372294,,0.0679,,0.082475297,,0.038,0,0.3525,0.0067,0.4417,,0.084104396,0.000889867,0.2,,0.418812007,0.00465559,0.1744,0.9442,0.010762251,0.3995393
641,0.003372294,,0.012077922,,0.0188608,,0.003138528,,0.0653,,0.079654701,,0.0357,0,0.3447,0.0067,0.4389,,0.081242204,0.00107256,0.2,,0.404213011,0.00403111,0.1937,0.9581,0.010752258,0.4034185
642,0.003138528,,0.011831169,,0.0177765,,0.002969697,,0.0633,,0.077429801,,0.0336,0,0.3336,0.0062,0.4333,,0.078325599,0.00112795,0.19,,0.390498012,0.00346943,0.2149,0.9756,0.012690863,0.41702068
643,0.002969697,,0.011536797,,0.017697901,,0.002909091,,0.061,,0.075022697,,0.0316,0,0.3287,0.0063,0.4306,,0.075442202,0.00112913,0.19,,0.377817988,0.00297053,0.2389,0.986,0.012690863,0.42090988
644,0.002909091,,0.011463203,,0.0171951,,0.003,,0.0586,,0.072001897,,0.0296,0,0.32,0.0062,0.4194,,0.072653301,0.00115506,0.18000001,,0.366364002,0.00258466,0.2655,1,0.01268087,0.43839127
645,0.003,,0.011168831,,0.016375599,,0.003,,0.0566,,0.0699009,,0.0279,0,0.3116,0.0059,0.4167,,0.069838896,0.00119278,0.18000001,,0.356014013,0.00221705,0.2933,1,0.012670877,0.4442151
646,0.003,,0.010831169,,0.0158555,,0.003,,0.0548,,0.067410201,,0.0263,0,0.3042,0.0058,0.4083,,0.066992201,0.00127646,0.17,,0.346417993,0.00188141,0.3236,1,0.016558077,0.46559563
647,0.003,,0.010627706,,0.0151071,,0.003090909,,0.0541,,0.066115603,,0.0248,0,0.3002,0.0058,0.4,,0.0642033,0.00138961,0.17,,0.33723399,0.00153892,0.356,1,0.016548084,0.47141945
648,0.003,,0.010402597,,0.0148826,,0.003030303,,0.0519,,0.064569101,,0.0234,0,0.2937,0.0056,0.3944,,0.061456699,0.00142379,0.16,,0.328402013,0.00131516,0.3912,0.9965,0.024312494,0.48891082
649,0.003090909,,0.01,,0.0136985,,0.002861472,,0.0495,,0.062144201,,0.022,0,0.2876,0.0056,0.3806,,0.058713298,0.00136014,0.16,,0.320060015,0.00110282,0.4274,0.9826,0.024312494,0.49667922
650,0.003030303,,0.009597402,,0.013781,,0.002627706,,0.0482,,0.061104398,,0.0208,,0.2808,0.006,0.3667,,0.056144401,0.0012576,0.15000001,,0.312440991,0.000940707,0.4658,0.9686,0.028189704,0.51028144
651,0.002861472,,0.009372294,,0.0129731,,0.002372294,,,,0.059776202,,0.02,,0.2768,,0.3667,,0.0539422,,0.15000001,,0.305633008,,0.5062,0.9442,0.03401551,0.5277728
652,0.002627706,,0.009168831,,0.0127236,,0.002138528,,,,0.057434399,,0.018,,0.2715,,0.3583,,0.052085601,,0.14,,0.299560994,,0.5485,0.9163,0.03401551,0.5530326
653,0.002372294,,0.008831169,,0.0128733,,0.001969697,,,,0.056628902,,0.017,,0.2683,,0.3389,,0.050452199,,0.14,,0.294059992,,0.5909,0.8745,0.043728516,0.5841261
654,0.002138528,,0.008536796,,0.0119521,,0.001909091,,,,0.0546741,,0.016,,0.2611,,0.3333,,0.048950002,,0.13,,0.288942009,,0.6338,0.8501,0.043718524,0.5938391
655,0.001969697,,0.008372294,,0.0114186,,0.002,,,,0.054053701,,0.015,,0.2582,,0.3194,,0.0473633,,0.13,,0.284218997,,0.6776,0.8239,0.059267327,0.63271105
656,0.001909091,,0.008229438,,0.0114838,,0.002,,,,0.052010201,,0.014,,0.2549,,0.3167,,0.045543302,,0.12,,0.280000001,,0.7187,0.7786,0.06509313,0.65020245
657,0.002,,0.008,,0.0116143,,0.002,,,,0.050818101,,0.013,,0.2475,,0.3083,,0.043624401,,0.12,,0.276075989,,0.7578,0.7402,0.06897034,0.6638046
658,0.002,,0.007770563,,0.0116796,,0.002,,,,0.0497346,,0.012,,0.2423,,0.2944,,0.041701101,,0.11,,0.272220999,,0.7965,0.6879,0.08645775,0.681296
659,0.002,,0.007627706,,0.0100733,,0.002,,,,0.048074398,,0.011,,0.2389,,0.2889,,0.039861102,,0.11,,0.268498003,,0.8333,0.6531,0.092293546,0.7123896
660,0.002,,0.007372295,,0.0101846,,0.002,,,,0.047454301,,0.009,,0.2359,,0.2694,,0.0382744,,0.1,,0.264876008,,0.8668,0.5973,0.11366816,0.73182553
661,0.002,,0.007138528,,0.0102959,,0.002090909,,,,0.046390001,,0.008,,0.2316,,0.2667,,0.036958899,,0.1,,0.261213988,,0.8989,0.5624,0.12144256,0.7668083
662,0.002,,0.007060606,,0.00928073,,0.002030303,,,,0.0439137,,0.007,,0.2266,,0.2611,,0.035885599,,0.1,,0.257560998,,0.9274,0.5275,0.15254018,0.8153932
663,0.002,,0.006939394,,0.00865894,,0.001861472,,,,0.044027001,,0.006,,0.2233,,0.25,,0.034947801,,0.090000004,,0.253991991,,0.9502,0.4717,0.16614038,0.83677375
664,0.002,,0.006861472,,0.00875106,,0.001627706,,,,0.041593499,,0.005,,0.2186,,0.2361,,0.03393,,0.090000004,,0.250512987,,0.9695,0.4316,0.1797406,0.85037595
665,0.002,,0.006627706,,0.00884317,,0.001372294,,,,0.0409596,,0.004,,0.2144,,0.2333,,0.03286,,0.079999998,,0.246999994,,0.9843,0.3828,0.21473539,0.8931371
666,0.002,,0.006372295,,0.00856298,,0.001138528,,,,0.039876301,,0.003,,0.2107,,0.225,,0.031943299,,0.079999998,,0.243303999,,0.9939,0.3584,0.2283356,0.90673923
667,0.002,,0.006229437,,0.00865126,,0.000969697,,,,0.038312301,,0.002,,0.2043,,0.2139,,0.031211101,,0.079999998,,0.239382997,,0.9993,0.3131,0.27304342,0.9242207
668,0.002,,0.006,,0.00797958,,0.000909091,,,,0.0380514,,0.001,,0.2017,,0.2111,,0.030577799,,0.07,,0.235234007,,1,0.2887,0.28859222,0.9553142
669,0.002090909,,0.005770563,,0.00729255,,0.001,,,,0.0364113,,0.0005,,0.1956,,0.1972,,0.0299522,,0.07,,0.230985999,,0.9949,0.2643,0.33912584,0.96892637
670,0.002030303,,0.005627706,,0.00736547,,0.001,,,,0.035033099,,0,,0.1928,,0.1944,,0.02918,,0.07,,0.226897001,,0.9845,0.2294,0.36051044,0.9864078
671,0.001861472,,0.005372294,,0.0074384,,0.001,,,,0.034226101,,,,0.1857,,0.1917,,0.02813,,0.059999999,,0.222857997,,0.9692,0.2085,0.38772085,0.9941762
672,0.001627706,,0.005138528,,0.00715053,,0.001,,,,0.0321461,,,,0.1835,,0.1833,,0.0268478,,0.059999999,,0.218738005,,0.9496,0.1771,0.45770046,1
673,0.001372294,,0.004969697,,0.00721962,,0.001,,,,0.0322299,,,,0.1782,,0.1805,,0.0255011,,0.059999999,,0.214608997,,0.9256,0.1562,0.47908506,1
674,0.001138528,,0.005,,0.00688378,,0.001,,,,0.0297473,,,,0.1735,,0.1722,,0.02414,,0.050000001,,0.210253999,,0.8983,0.1318,0.5490547,0.99999005
675,0.000969697,,0.005030303,,,,0.001,,,,,,,,0.1694,,0.1667,,0.022627801,,0.050000001,,0.205541,,0.8685,0.1178,0.5685007,0.99999005
676,0.000909091,,0.004861472,,,,0.001,,,,,,,,0.1637,,0.1667,,0.021085599,,0.050000001,,0.200744003,,0.8365,0.1074,0.6384803,0.9863679
677,0.001,,0.004627706,,,,0.001,,,,,,,,0.1608,,0.1583,,0.019817799,,0.050000001,,0.196051002,,0.8022,0.0899,0.6598549,0.97858953
678,0.001,,0.004372294,,,,0.001,,,,,,,,0.1571,,0.15,,0.01874,,0.050000001,,0.191466004,,0.7664,0.0795,0.7356703,0.9688665
679,0.001,,0.004138528,,,,0.001,,,,,,,,0.1502,,0.15,,0.017624401,,0.039999999,,0.186998993,,0.7291,0.0656,0.7667679,0.947476
680,0.001,,0.003969697,,,,0.001,,,,,,,,0.1478,,0.1417,,0.0165311,,0.039999999,,0.182609007,,0.6894,0.0586,0.7881525,0.9299747
681,0.001,,0.003909091,,,,0.001,,,,,,,,0.1429,,0.1417,,0.0155389,,0.039999999,,0.178205997,,0.6482,0.0481,0.81342435,0.89691657
682,0.001,,0.004,,,,0.001,,,,,,,,0.1395,,0.1389,,0.0145989,,0.039999999,,0.173639998,,0.6054,0.0446,0.8367475,0.885249
683,0.001,,0.004,,,,0.001,,,,,,,,0.1344,,0.1305,,0.0137789,,0.039999999,,0.168846995,,0.5617,0.0342,0.87950677,0.8444225
684,0.001,,0.004,,,,0.001,,,,,,,,0.1283,,0.1305,,0.0131622,,0.029999999,,0.163975999,,0.517,0.0307,0.912543,0.82692116
685,0.001,,0.004,,,,0.001,,,,,,,,0.1246,,0.125,,0.0126011,,0.029999999,,0.159133002,,0.4722,0.029,0.9475378,0.7666487
686,0.001,,0.004090909,,,,0.001,,,,,,,,0.1213,,0.125,,0.0119389,,0.029999999,,0.154312,,0.4297,0.0255,0.95918936,0.74720275
687,0.001,,0.004030303,,,,0.001,,,,,,,,0.1174,,0.125,,0.0112267,,0.029999999,,0.149555996,,0.3891,0.022,0.9727996,0.71804386
688,0.001,,0.003861472,,,,0.001,,,,,,,,0.1143,,0.1222,,0.0105878,,0.029999999,,0.144860998,,0.3508,0.0185,0.9941742,0.67332816
689,0.001,,0.003627706,,,,0.001,,,,,,,,0.109,,0.1167,,0.0100422,,0.029999999,,0.140254006,,0.3172,0.015,0.9961128,0.60138816
690,0.001,,0.003372294,,,,0.001,,,,,,,,0.1066,,0.1139,,0.00966444,,0.02,,0.135957003,,0.2878,0.015,1,0.5663954
691,0.001,,0.003138528,,,,0.001,,,,,,,,0.1015,,0.1139,,0.00946556,,0.02,,0.132058993,,0.2615,0.0116,0.99999,0.5450049
692,0.001,,0.002969697,,,,0.001,,,,,,,,0.1002,,0.1111,,0.00913889,,0.02,,0.128431007,,0.239,0.0116,0.99999,0.47890863
693,0.001,,0.002909091,,,,0.001,,,,,,,,0.0966,,0.1111,,0.00853778,,0.02,,0.124958999,,0.2205,0.0116,0.99998003,0.4575181
694,0.001,,0.003,,,,0.001,,,,,,,,0.0934,,0.1083,,0.00783667,,0.02,,0.121533997,,0.2041,0.0116,0.99997,0.38753265
695,0.001,,0.003,,,,0.001,,,,,,,,0.0901,,0.1083,,0.00711556,,0.02,,0.117973998,,0.1908,,0.99413425,0.36030835
696,0.001,,0.003,,,,0.001,,,,,,,,0.0863,,0.1083,,0.00647444,,0.02,,0.114313997,,0.1789,,0.9863498,0.32142642
697,0.001,,0.003,,,,0.001,,,,,,,,0.0828,,0.1028,,0.00618,,0.02,,0.110798001,,0.1683,,0.9649552,0.29809132
698,0.001,,0.003090909,,,,0.001,,,,,,,,0.081,,0.1,,0.00628444,,0.02,,0.107516997,,0.1589,,0.95911944,0.2630886
699,0.001,,0.003030303,,,,0.001,,,,,,,,0.0773,,0.0972,,0.00653333,,0.02,,0.104393996,,0.1507,,0.92411464,0.24170806
700,0.001,,0.002861472,,,,0.001,,,,,,,,0.0754,,0.0972,,,,0.02,,0.101342,,0.1423,,0.91244304,0.22808592
701,0.001,,0.002627706,,,,0.001,,,,,,,,0.0743,,0.0944,,,,,,0.098303303,,0.135,,0.89688426,0.1930932
702,0.001,,0.002372294,,,,0.001,,,,,,,,0.0694,,0.0944,,,,,,0.095257796,,0.1285,,0.8618894,0.18337023
703,0.001,,0.002138528,,,,0.001,,,,,,,,0.0661,,0.0889,,,,,,0.092249997,,0.1219,,0.84438205,0.15225673
704,0.001,,0.001969697,,,,0.001,,,,,,,,0.0658,,0.0861,,,,,,0.089418903,,0.1157,,0.795777,0.14253376
705,0.001,,0.001909091,,,,0.001,,,,,,,,0.0628,,0.0861,,,,,,0.086764403,,0.1102,,0.7607722,0.12503241
706,0.001,,0.002,,,,0.001,,,,,,,,0.0625,,0.0861,,,,,,0.084174402,,0.1046,,0.7393777,0.11335487
707,0.001,,0.002,,,,0.001,,,,,,,,0.0591,,0.0833,,,,,,0.081632197,,0.0993,,0.72576743,0.10752109
708,0.001,,0.002,,,,0.001,,,,,,,,0.0587,,0.0805,,,,,,0.079175599,,0.0944,,0.68104964,0.09196434
709,0.001,,0.002,,,,0.001,,,,,,,,0.0543,,0.0805,,,,,,0.076891102,,0.0895,,0.66742945,0.08613056
710,0.001,,0.002,,,,0.001,,,,,,,,0.0549,,0.075,,,,,,0.074885599,,0.0852,,0.64603484,0.072508425
711,0.001,,0.002,,,,0.001,,,,,,,,0.0535,,0.075,,,,,,0.073105603,,0.0815,,0.5974299,0.06473005
712,0.001,,0.002,,,,0.001,,,,,,,,0.0508,,0.0722,,,,,,0.0714022,,0.0778,,0.5624251,0.060840864
713,0.001,,0.002,,,,0.001,,,,,,,,0.0504,,0.0694,,,,,,0.069666699,,0.0743,,0.5410404,0.05499711
714,0.001,,0.002,,,,0.001,,,,,,,,0.0466,,0.0694,,,,,,0.067878902,,0.0712,,0.5274203,0.05110792
715,0.001,,0.002,,,,0.001,,,,,,,,0.0471,,0.0667,,,,,,0.06611,,0.0682,,0.49241546,0.04331957
716,0.001,,0.002,,,,0.001,,,,,,,,0.0455,,0.0667,,,,,,0.064452201,,0.0651,,0.47880527,0.041374978
717,0.001,,0.002,,,,0.001,,,,,,,,0.0437,,0.0667,,,,,,0.062876701,,0.0624,,0.44768766,0.03358663
718,0.001,,0.002,,,,0.001,,,,,,,,0.0442,,0.0611,,,,,,0.061328899,,0.0599,,0.43991327,0.03358663
719,0.001,,0.002,,,,0.001,,,,,,,,0.0424,,0.0583,,,,,,0.0597989,,0.0577,,0.40490848,0.02968747
720,0.001,,0.002090909,,,,0.001,,,,,,,,0.0418,,0.0583,,,,,,0.058284398,,0.0552,,0.39518547,0.027732903
721,0.001,,0.002030303,,,,0.001,,,,,,,,0.0399,,0.0583,,,,,,0.056746699,,0.0502,,0.37379086,0.027732903
722,0.001,,0.001861472,,,,,,,,,,,,0.0404,,0.0556,,,,,,0.055168901,,0.0478,,0.36405787,0.023833742
723,,,0.001627706,,,,,,,,,,,,0.0408,,0.0556,,,,,,0.053655598,,0.042,,0.3562835,0.023833742
724,,,0.001372294,,,,,,,,,,,,0.0365,,0.0528,,,,,,0.0523367,,0.0396,,0.3368275,0.02382377
725,,,0.001138528,,,,,,,,,,,,0.0357,,0.0528,,,,,,0.051187798,,0.0353,,0.32905307,0.023813797
726,,,0.000969697,,,,,,,,,,,,0.0361,,0.0472,,,,,,0.050203301,,0.0332,,0.3076585,0.01992461
727,,,0.000909091,,,,,,,,,,,,0.0327,,0.0472,,,,,,0.049383301,,0.029,,0.2979255,0.016025448
728,,,0.001,,,,,,,,,,,,0.0306,,0.0472,,,,,,0.048568901,,0.0277,,0.2882025,0.016025448
729,,,0.001,,,,,,,,,,,,0.0309,,0.0444,,,,,,0.047663301,,0.0251,,0.2804181,0.016015477
730,,,0.001,,,,,,,,,,,,0.0313,,0.0444,,,,,,0.046780001,,0.0213,,0.2726337,0.016005505
731,,,0.001,,,,,,,,,,,,0.0317,,0.0444,,,,,,0.045984399,,0.02,,0.2629107,0.012116317
732,,,0.001,,,,,,,,,,,,0.0307,,0.0417,,,,,,0.045211099,,0.0155,,0.2590135,0.012106344
733,,,0.001,,,,,,,,,,,,0.0284,,0.0389,,,,,,0.044436701,,0.0099,,0.24929051,0.012106344
734,,,0.001,,,,,,,,,,,,0.026,,0.0389,,,,,,0.043645602,,0,,0.24150611,0.012096372
735,,,0.001,,,,,,,,,,,,0.0264,,0.0389,,,,,,0.042801101,,,,0.23566031,0.0120864
736,,,0.001,,,,,,,,,,,,0.0267,,0.0333,,,,,,0.041955601,,,,0.23177312,0.0120864
737,,,0.001,,,,,,,,,,,,0.027,,0.0333,,,,,,0.0412056,,,,0.23176312,0.012076428
738,,,0.001,,,,,,,,,,,,0.0273,,0.0333,,,,,,0.040594399,,,,0.22204013,0.012066455
739,,,0.001,,,,,,,,,,,,0.0276,,0.0333,,,,,,0.040056702,,,,0.22203013,0.012066455
740,,,0.001,,,,,,,,,,,,0.0266,,0.0306,,,,,,0.039475601,,,,0.21813294,0.010111889
741,,,0.001,,,,,,,,,,,,0.0209,,0.0306,,,,,,0.038786702,,,,0.21424574,0.012046511
742,,,0.001,,,,,,,,,,,,0.0227,,0.0306,,,,,,0.037991099,,,,0.21423575,0.012046511
743,,,0.001,,,,,,,,,,,,0.0214,,0.0306,,,,,,0.037135601,,,,0.21033856,0.012036538
744,,,0.001,,,,,,,,,,,,0.0217,,0.0278,,,,,,0.036283299,,,,0.20644136,0.012036538
745,,,0.001,,,,,,,,,,,,0.0219,,0.0278,,,,,,0.035504401,,,,0.20644136,0.012026566
746,,,0.001,,,,,,,,,,,,0.019,,0.0278,,,,,,0.034782201,,,,0.20643137,0.012016594
747,,,0.001,,,,,,,,,,,,0.0159,,0.0278,,,,,,0.034052201,,,,0.20448276,0.012006622
748,,,0.001,,,,,,,,,,,,0.0159,,0.0278,,,,,,0.033304401,,,,0.20447278,0.012006622
749,,,0.001,,,,,,,,,,,,0.0144,,,,,,,,0.0325622,,,,0.20447278,
750,,,,,,,,,,,,,,,,,,,,,,,,,,,0.20057559,
751,,,,,,,,,,,,,,,,,,,,,,,,,,,0.20056559,
752,,,,,,,,,,,,,,,,,,,,,,,,,,,0.1966684,
753,,,,,,,,,,,,,,,,,,,,,,,,,,,0.1966684,
754,,,,,,,,,,,,,,,,,,,,,,,,,,,0.1966584,
755,,,,,,,,,,,,,,,,,,,,,,,,,,,0.1966584,
756,,,,,,,,,,,,,,,,,,,,,,,,,,,0.19276121,
757,,,,,,,,,,,,,,,,,,,,,,,,,,,0.19080262,
758,,,,,,,,,,,,,,,,,,,,,,,,,,,0.19080262,
759,,,,,,,,,,,,,,,,,,,,,,,,,,,0.18690543,
760,,,,,,,,,,,,,,,,,,,,,,,,,,,0.18690543,
761,,,,,,,,,,,,,,,,,,,,,,,,,,,0.18300822,
762,,,,,,,,,,,,,,,,,,,,,,,,,,,0.18299824,
763,,,,,,,,,,,,,,,,,,,,,,,,,,,0.17910105,
764,,,,,,,,,,,,,,,,,,,,,,,,,,,0.17520384,
765,,,,,,,,,,,,,,,,,,,,,,,,,,,0.17325526,
766,,,,,,,,,,,,,,,,,,,,,,,,,,,0.16936806,
767,,,,,,,,,,,,,,,,,,,,,,,,,,,0.16935806,
768,,,,,,,,,,,,,,,,,,,,,,,,,,,0.16157366,
769,,,,,,,,,,,,,,,,,,,,,,,,,,,0.16157366,
770,,,,,,,,,,,,,,,,,,,,,,,,,,,0.15572788,
771,,,,,,,,,,,,,,,,,,,,,,,,,,,0.15183067,
772,,,,,,,,,,,,,,,,,,,,,,,,,,,0.14794348,
773,,,,,,,,,,,,,,,,,,,,,,,,,,,0.14404629,
774,,,,,,,,,,,,,,,,,,,,,,,,,,,0.1420977,
775,,,,,,,,,,,,,,,,,,,,,,,,,,,0.1382005,
776,,,,,,,,,,,,,,,,,,,,,,,,,,,0.1381905,
777,,,,,,,,,,,,,,,,,,,,,,,,,,,0.13040611,
778,,,,,,,,,,,,,,,,,,,,,,,,,,,0.1265189,
779,,,,,,,,,,,,,,,,,,,,,,,,,,,0.12456032,
780,,,,,,,,,,,,,,,,,,,,,,,,,,,0.12067312,
781,,,,,,,,,,,,,,,,,,,,,,,,,,,0.11677592,
782,,,,,,,,,,,,,,,,,,,,,,,,,,,0.10899153,
783,,,,,,,,,,,,,,,,,,,,,,,,,,,0.10899153,
784,,,,,,,,,,,,,,,,,,,,,,,,,,,0.10314574,
785,,,,,,,,,,,,,,,,,,,,,,,,,,,0.09924854,
786,,,,,,,,,,,,,,,,,,,,,,,,,,,0.09536134,
787,,,,,,,,,,,,,,,,,,,,,,,,,,,0.09146415,
788,,,,,,,,,,,,,,,,,,,,,,,,,,,0.08951555,
789,,,,,,,,,,,,,,,,,,,,,,,,,,,0.085618354,
790,,,,,,,,,,,,,,,,,,,,,,,,,,,0.08560836,
791,,,,,,,,,,,,,,,,,,,,,,,,,,,0.081721164,
792,,,,,,,,,,,,,,,,,,,,,,,,,,,0.07782397,
793,,,,,,,,,,,,,,,,,,,,,,,,,,,0.07587537,
794,,,,,,,,,,,,,,,,,,,,,,,,,,,0.071978174,
795,,,,,,,,,,,,,,,,,,,,,,,,,,,0.07196818,
796,,,,,,,,,,,,,,,,,,,,,,,,,,,0.068070985,
797,,,,,,,,,,,,,,,,,,,,,,,,,,,0.06418379,
798,,,,,,,,,,,,,,,,,,,,,,,,,,,0.064173795,
